last_name, first_name,player_id,year,p_formatted_ip,p_strikeout,p_k_percent,p_bb_percent,ff_avg_spin,sl_avg_spin,ch_avg_spin,cu_avg_spin,si_avg_spin,fc_avg_spin,fs_avg_spin,kn_avg_spin,fastball_avg_spin,
Wainwright, Adam,425794,2021,118.2,111,22.7,6.5,2226,,1755,2838,2237,2409,,,2302,
Greinke, Zack,425844,2021,120.2,89,18.5,5.0,2232,2365,1583,2350,2160,,,,2221,
Hill, Rich,448179,2021,95.1,91,23.4,9.3,2328,2600,1549,2720,2212,2427,,,2329,
Morton, Charlie,450203,2021,105.0,123,28.0,8.9,2328,,2088,3035,2115,2406,,,2289,
Lester, Jon,452657,2021,70.1,49,15.2,8.7,2176,,1769,2448,2059,2298,,,2205,
Scherzer, Max,453286,2021,105.0,142,35.1,6.2,2445,2297,1440,2673,,2499,,,2453,
Arrieta, Jake,453562,2021,74.1,66,19.0,10.4,,2291,1736,2690,2096,,,,2096,
Cueto, Johnny,456501,2021,83.0,70,20.1,4.6,2260,2262,1327,2338,2161,2183,,,2231,
Happ, J.A.,457918,2021,89.1,71,17.9,6.6,2315,2246,1820,2310,2126,,,,2278,
Lynn, Lance,458681,2021,97.2,109,27.6,8.1,2406,,1828,2387,2249,2544,,,2426,
Kershaw, Clayton,477132,2021,106.1,127,30.1,4.5,2511,2657,2166,2547,,,,,2511,
Miley, Wade,489119,2021,102.2,84,19.8,6.6,2246,2292,1800,2392,2032,2278,,,2266,
Pineda, Michael,501381,2021,66.1,58,21.0,5.8,1955,1979,1728,,,,,,1955,
Minor, Mike,501985,2021,112.1,108,22.7,7.1,2547,2719,2251,2506,,,,,2547,
Gibson, Kyle,502043,2021,107.0,90,20.8,7.6,2294,2527,1653,2441,2152,2378,,,2229,
Cobb, Alex,502171,2021,72.2,80,26.2,8.2,2105,,,2582,2063,,1629,,2067,
Darvish, Yu,506433,2021,110.2,128,28.9,5.9,2526,2755,1390,2728,2421,2769,1468,,2662,
Bumgarner, Madison,518516,2021,70.2,69,22.8,6.3,2456,,1504,2614,,2542,,,2499,
Duffy, Danny,518633,2021,61.0,65,25.8,8.7,2272,2501,2293,2483,2216,,,,2260,
Harvey, Matt,518774,2021,82.0,63,16.2,6.9,2149,2347,1670,2426,2116,,,,2138,
Kelly, Merrill,518876,2021,117.0,99,20.3,5.5,2375,,1998,2574,2254,2330,,,2327,
Perez, Martin,527048,2021,88.2,74,19.0,7.7,2128,,1711,2453,2035,2236,,,2142,
Shoemaker, Matt,533167,2021,60.1,40,14.1,9.5,2228,2076,,1947,2119,,1222,,2184,
Anderson, Tyler,542881,2021,103.1,86,20.0,5.8,2343,,1860,2469,2272,2520,,,2405,
Cole, Gerrit,543037,2021,120.0,158,34.1,5.2,2483,2635,1728,2804,2416,,,,2482,
DeSclafani, Anthony,543101,2021,119.1,110,23.5,6.4,2265,2197,1575,1978,2096,,,,2194,
Eovaldi, Nathan,543135,2021,108.1,106,23.3,4.6,2133,2178,,2146,,2283,1577,,2170,
Gray, Sonny,543243,2021,66.2,86,29.7,9.3,2464,2657,1902,2811,2367,,,,2412,
Hendricks, Kyle,543294,2021,117.1,87,17.5,4.6,1933,,2015,2831,1828,,,,1861,
Lyles, Jordan,543475,2021,107.1,84,18.0,7.3,2294,2685,1677,2677,2219,,,,2285,
Bauer, Trevor,545333,2021,107.2,137,31.7,8.6,2783,2961,1830,3013,2552,2872,,,2792,
Kim, Kwang Hyun,547942,2021,84.1,67,19.1,8.0,2131,2114,1613,2142,2078,,,,2130,
Ryu, Hyun Jin,547943,2021,105.2,85,19.9,5.6,1935,2096,1490,2468,1815,1985,,,1955,
Stripling, Ross,548389,2021,75.0,78,24.2,7.8,2186,2354,1673,2536,,,,,2186,
Wheeler, Zack,554430,2021,125.2,152,30.6,5.6,2391,2376,1673,2630,2212,,,,2336,
Urena, Jose,570632,2021,80.0,52,14.1,10.1,2101,2269,1675,,2134,,,,2126,
Boyd, Matthew,571510,2021,70.2,56,18.8,6.4,2332,2369,1869,2565,2291,,,,2327,
Corbin, Patrick,571578,2021,98.2,76,17.6,8.1,2153,2207,1603,1785,2097,2229,,,2124,
Heaney, Andrew,571760,2021,88.0,105,27.9,7.4,2455,,2067,2582,,,,,2455,
Matz, Steven,571927,2021,81.1,84,23.9,6.0,,2088,2240,2332,2167,,,,2167,
Richards, Garrett,572070,2021,97.1,78,17.6,9.9,2517,2803,1692,3184,2624,,,,2517,
Keuchel, Dallas,572971,2021,102.1,64,14.6,7.5,2177,2342,1611,,1969,2187,,,2061,
Stroman, Marcus,573186,2021,111.1,93,20.7,5.8,2447,2667,,2511,2301,2583,1608,,2379,
Kikuchi, Yusei,579328,2021,103.1,105,25.2,8.4,2273,2447,1593,,,2334,,,2307,
Foltynewicz, Mike,592314,2021,106.0,77,16.8,5.5,2163,2436,1794,2350,2109,,,,2142,
Gausman, Kevin,592332,2021,117.2,138,30.5,7.3,2288,2256,1720,,,,1573,,2288,
Gonzalez, Chi Chi,592346,2021,85.2,49,13.2,6.2,2345,2533,1638,2592,2231,2562,,,2369,
Gray, Jon,592351,2021,93.0,87,22.3,9.5,2150,2388,1444,2543,,,,,2150,
Ray, Robbie,592662,2021,112.1,142,31.3,6.0,2264,2214,1712,2133,2253,,,,2264,
Smith, Caleb,592761,2021,78.0,88,25.7,11.4,2427,2433,1983,2613,,,,,2427,
Smyly, Drew,592767,2021,84.0,74,20.5,8.3,2124,,,2123,,2003,,,2104,
Taillon, Jameson,592791,2021,88.0,89,23.7,6.9,2418,2530,1895,2749,2288,,,,2406,
Velasquez, Vince,592826,2021,77.1,81,24.3,12.6,2356,2435,1576,2445,2194,,,,2344,
Walker, Taijuan,592836,2021,90.1,89,24.3,9.3,2129,2406,,2421,2047,,1646,,2093,
German, Domingo,593334,2021,86.0,80,22.0,6.0,2468,,2279,2602,2371,,,,2435,
Martinez, Carlos,593372,2021,82.1,57,15.7,9.9,2052,2060,1848,1950,1946,2171,,,2069,
Montas, Frankie,593423,2021,106.0,112,24.4,6.3,2419,2496,,,2326,,1737,,2369,
Rodriguez, Eduardo,593958,2021,95.1,112,27.6,5.7,2171,2124,1918,,2113,2157,,,2157,
deGrom, Jacob,594798,2021,92.0,146,45.1,3.4,2418,2598,1618,2705,,,,,2418,
Gonzales, Marco,594835,2021,61.2,52,19.3,8.9,2121,,2187,2286,2155,2099,,,2138,
Gomber, Austin,596295,2021,84.1,79,23.4,7.1,1993,2272,1643,2512,,,,,1993,
Pivetta, Nick,601713,2021,98.2,112,26.9,10.6,2304,2289,1885,2746,2315,,,,2304,
Bassitt, Chris,605135,2021,125.0,126,24.8,5.7,2171,2337,1964,2326,2119,2223,,,2156,
Bundy, Dylan,605164,2021,70.0,68,22.0,7.4,2508,2669,1580,2466,2339,,,,2459,
Davies, Zach,605200,2021,97.1,62,14.5,12.2,,,1677,2439,2018,2098,,,2027,
Houser, Adrian,605288,2021,90.2,72,18.4,10.5,2181,2135,2047,1881,2051,,,,2080,
Lopez, Jorge,605347,2021,89.1,85,20.9,9.6,1963,2221,1600,2369,1931,,,,1944,
Musgrove, Joe,605397,2021,103.1,119,28.0,6.4,2575,2745,2061,2752,2431,2620,,,2571,
Nola, Aaron,605400,2021,106.2,131,29.0,5.3,2155,,1503,2507,2074,2175,,,2140,
Ross, Joe,605452,2021,87.1,91,24.7,7.6,2132,1940,1684,,2098,,,,2107,
Snell, Blake,605483,2021,80.1,104,28.7,14.0,2405,2439,1749,2285,,,,,2405,
Woodruff, Brandon,605540,2021,119.0,137,30.1,6.4,2361,2567,1873,2659,2296,,,,2331,
Rodon, Carlos,607074,2021,96.2,140,36.6,6.8,2292,2467,1688,2247,,,,,2292,
Glasnow, Tyler,607192,2021,88.0,123,36.2,7.9,2424,2767,1704,2995,,,,,2424,
Fedde, Erick,607200,2021,72.0,64,20.5,10.9,1878,,1573,2225,1908,2063,,,1958,
Gant, John,607231,2021,74.1,54,16.1,15.8,2445,2569,1479,2473,2377,2575,,,2420,
Means, John,607644,2021,76.0,71,24.5,4.5,2414,2372,2280,2337,,,,,2414,
Fried, Max,608331,2021,79.2,79,23.2,7.6,2135,2489,1416,2681,2013,,,,2106,
Giolito, Lucas,608337,2021,113.0,133,29.2,7.3,2374,2091,1479,2476,,,,,2374,
Irvin, Cole,608344,2021,113.0,81,17.3,4.3,1956,1980,1573,2068,1885,,,,1932,
Wacha, Michael,608379,2021,66.1,57,20.4,6.5,2082,,1547,2106,,2065,,,2074,
Marquez, German,608566,2021,109.1,114,25.1,9.5,2084,2445,1691,2687,2072,,,,2083,
Quantrill, Cal,615698,2021,72.2,50,15.9,8.0,2168,2249,1384,2320,2106,,,,2121,
Kaprielian, James,621076,2021,68.0,73,26.4,9.4,2010,2301,1260,2459,1982,,,,2007,
Eflin, Zach,621107,2021,105.2,99,22.4,3.6,2149,2127,1695,2252,2039,,,,2064,
Buehler, Walker,621111,2021,128.2,131,26.4,5.8,2546,2860,1504,2950,2412,2694,,,2564,
McCullers Jr., Lance,621121,2021,91.2,107,27.8,11.7,,2771,1746,2878,2109,2598,,,2134,
Berrios, Jose,621244,2021,114.2,122,26.3,6.9,2251,,1520,2348,2146,,,,2196,
Wood, Alex,622072,2021,88.1,94,25.5,7.6,,2131,1671,,2114,,,,2114,
Castillo, Luis,622491,2021,108.2,104,21.9,10.1,2312,2443,1972,,2155,,,,2242,
Senzatela, Antonio,622608,2021,94.1,65,15.7,5.1,2100,2104,2010,2187,2090,,,,2100,
Flexen, Chris,623167,2021,104.2,66,15.6,5.2,2093,,1318,2685,,2283,,,2180,
Maeda, Kenta,628317,2021,79.2,85,24.8,7.0,2259,2520,,2599,2215,,1469,,2250,
Urias, Julio,628711,2021,119.0,127,26.5,5.2,2490,2816,1926,2883,2466,,,,2490,
Crowe, Wil,640444,2021,60.1,53,19.3,10.9,2427,2731,1700,2485,2275,,,,2402,
Manaea, Sean,640455,2021,116.2,128,26.5,5.8,,,1395,2029,1989,,,,1989,
Alzolay, Adbert,640470,2021,88.1,91,25.3,7.5,2325,2628,1720,2647,2221,2357,,,2270,
Lopez, Pablo,641154,2021,101.0,111,27.1,6.1,2118,,1947,2487,1985,2199,,,2108,
Dunning, Dane,641540,2021,83.2,87,24.1,8.0,2011,2084,1941,2100,2039,2245,,,2064,
Keller, Brad,641745,2021,96.2,89,19.9,10.0,2319,2586,2002,,2182,,,,2247,
Lauer, Eric,641778,2021,61.1,60,23.0,9.2,2234,2416,1475,,,2311,,,2267,
Mahle, Tyler,641816,2021,100.2,126,29.6,8.9,2379,2557,,,,,1878,,2379,
Smith, Riley,642092,2021,65.1,36,12.3,5.1,2317,2047,1937,2365,2250,2154,,,2236,
Yarbrough, Ryan,642232,2021,102.0,84,19.6,4.4,1997,,2055,2290,1885,2118,,,2066,
Peralta, Freddy,642547,2021,98.0,135,35.1,11.4,2379,2271,1605,2227,2333,,,,2378,
Alcantara, Sandy,645261,2021,119.2,105,21.3,7.5,2291,2395,2021,2400,2344,,,,2323,
Civale, Aaron,650644,2021,97.2,76,19.8,6.0,2317,2747,,2806,2319,2487,1613,,2387,
Canning, Griffin,656288,2021,62.2,62,22.4,10.1,2265,2639,1884,2329,,,,,2265,
Cease, Dylan,656302,2021,102.2,132,29.5,9.6,2536,2869,1630,2752,,,,,2536,
Flaherty, Jack,656427,2021,62.0,67,26.3,7.8,2254,2409,1618,2408,2096,,,,2237,
Montgomery, Jordan,656756,2021,104.2,105,24.3,7.2,2272,2200,1704,2239,2171,2382,,,2257,
Peterson, David,656849,2021,66.2,69,24.0,10.1,2068,2232,1922,1995,2081,,,,2075,
Sheffield, Justus,656954,2021,73.2,59,16.9,10.0,2066,2573,1765,,2048,,,,2048,
Webb, Logan,657277,2021,61.0,65,25.3,8.2,2183,2724,1491,,1993,2308,,,2063,
Ohtani, Shohei,660271,2021,73.0,95,31.1,11.8,2290,2404,,2388,,2317,1479,,2295,
Bubic, Kris,663460,2021,62.2,53,19.3,12.0,2031,,1582,2629,,,,,2031,
Allard, Kolby,663465,2021,68.2,62,21.9,4.9,2151,,1637,1994,,2245,,,2186,
Mize, Casey,663554,2021,99.1,79,19.8,6.8,2211,2265,,2255,2114,,1150,,2166,
McClanahan, Shane,663556,2021,65.0,78,28.6,8.1,2247,2390,1718,2623,,,,,2247,
Sandoval, Patrick,663776,2021,63.0,68,26.2,9.6,2097,2603,1604,2804,1917,,,,2029,
Singer, Brady,663903,2021,87.2,92,22.7,9.1,2263,2406,2156,,2270,,,,2269,
Paddack, Chris,663978,2021,87.0,84,22.5,5.1,2208,,1783,2181,,,,,2208,
Brubaker, JT,664141,2021,92.1,93,23.7,5.6,2174,2641,1894,2793,2257,,,,2217,
Valdez, Framber,664285,2021,60.2,56,21.4,9.2,2181,,1685,2888,2186,,,,2185,
Javier, Cristian,664299,2021,73.2,91,30.7,12.2,2335,2525,1952,2921,,,,,2335,
Urquidy, Jose,664353,2021,77.1,66,21.8,4.3,2203,2469,1886,2542,,,,,2203,
Anderson, Ian,666120,2021,96.0,98,24.3,9.7,2049,,1643,1879,2072,,,,2049,
Plesac, Zach,668676,2021,68.2,45,16.4,4.7,2051,2072,1637,1940,,,,,2051,
Zimmermann, Bruce,669145,2021,59.2,53,20.2,7.6,2326,2465,1996,2610,,,,,2326,
Burnes, Corbin,669203,2021,96.0,140,37.2,4.3,2630,2854,1847,2881,2578,2780,,,2743,
Skubal, Tarik,669373,2021,94.2,109,26.7,9.3,2205,2077,1443,2244,2028,2206,1380,,2178,
Rogers, Trevor,669432,2021,106.1,125,29.1,8.6,2367,2109,1362,,2647,,,,2367,
Bieber, Shane,669456,2021,90.2,130,33.9,8.6,2345,2693,1754,2403,,2667,,,2368,
Oviedo, Johan,670912,2021,58.0,45,17.0,11.7,2261,2541,1851,2441,2522,,,,2262,
Fleming, Josh,676596,2021,73.1,43,14.5,6.1,2014,,1587,1831,1800,1847,,,1819,
Peacock, Matt,676840,2021,62.1,38,13.3,7.0,,2632,1727,,2039,,,,2039,
Garcia, Luis,677651,2021,91.1,105,28.5,7.9,2335,2381,1902,2235,,2359,,,2343,
Wainwright, Adam,425794,2020,65.2,54,20.6,5.7,2218,,1683,2791,2188,2343,,,2253,
Greinke, Zack,425844,2020,67.0,67,24.5,3.3,2329,2422,1679,2428,2259,,,,2329,
Lester, Jon,452657,2020,61.0,42,15.8,6.4,2217,,1905,2569,2086,2350,,,2249,
Scherzer, Max,453286,2020,67.1,92,31.2,7.8,2472,2384,1446,2782,,2573,,,2489,
Cueto, Johnny,456501,2020,63.1,56,20.2,9.4,2224,2231,1333,2337,2130,,,,2202,
Lynn, Lance,458681,2020,84.0,89,25.9,7.3,2492,,1781,2618,2327,2603,,,2486,
Carrasco, Carlos,471911,2020,68.0,82,29.3,9.6,2470,2807,1374,2944,2360,,,,2457,
Gibson, Kyle,502043,2020,67.1,58,19.3,10.0,2266,2475,1652,2418,2130,2688,,,2173,
Darvish, Yu,506433,2020,76.0,93,31.3,4.7,2595,2797,,2730,2492,2779,1645,,2698,
Porcello, Rick,519144,2020,59.0,54,20.7,5.7,2299,2359,1682,2588,2146,,,,2176,
Perez, Martin,527048,2020,62.0,46,17.6,10.7,2049,,1704,2521,1951,2180,,,2087,
Anderson, Tyler,542881,2020,59.2,41,15.8,9.6,2304,,2004,2334,2276,2415,,,2332,
Cole, Gerrit,543037,2020,73.0,94,32.6,5.9,2505,2580,1750,2803,,,,,2505,
Hendricks, Kyle,543294,2020,81.1,64,20.3,2.5,1972,,2064,2810,1863,,,,1903,
Lyles, Jordan,543475,2020,57.2,36,13.5,8.6,2145,2361,1464,2501,2095,,,,2141,
Bauer, Trevor,545333,2020,73.0,100,36.0,6.1,2779,2951,1731,2926,2780,2908,,,2817,
Ryu, Hyun Jin,547943,2020,67.0,72,26.2,6.2,1996,,1478,2539,1952,2026,,,2001,
Wheeler, Zack,554430,2020,71.0,53,18.4,5.6,2336,2399,1641,2621,2206,,,,2289,
Boyd, Matthew,571510,2020,60.1,60,22.1,8.1,2305,2324,1900,2506,2255,,,,2303,
Corbin, Patrick,571578,2020,65.2,60,20.3,6.1,2158,2241,1550,1852,2096,,,,2116,
Fiers, Mike,571666,2020,59.0,37,14.4,6.2,2158,2283,1862,2675,2140,,,,2153,
Heaney, Andrew,571760,2020,66.2,70,25.1,6.8,2436,,2005,2550,,,,,2436,
Keuchel, Dallas,572971,2020,63.1,42,16.3,6.6,2218,2280,1705,,2089,2206,,,2149,
Ray, Robbie,592662,2020,51.2,68,27.1,17.9,2420,2378,2305,2176,2343,,,,2414,
Williams, Trevor,592866,2020,55.1,49,19.4,8.3,2277,2288,1851,2284,1959,,,,2225,
deGrom, Jacob,594798,2020,68.0,104,38.8,6.7,2477,2565,1638,2632,,,,,2477,
Gonzales, Marco,594835,2020,69.2,64,23.1,2.5,,,2114,2294,2160,2148,,,2156,
Bassitt, Chris,605135,2020,63.0,55,21.1,6.5,2160,2238,1971,2194,2117,2184,,,2146,
Bundy, Dylan,605164,2020,65.2,72,27.0,6.4,2422,2538,1665,2349,2348,,,,2407,
Davies, Zach,605200,2020,69.1,63,22.8,6.9,,,1728,2509,2056,2192,,,2089,
Nola, Aaron,605400,2020,71.1,96,33.2,8.0,2184,,1518,2499,2097,,,,2145,
Woodruff, Brandon,605540,2020,73.2,91,31.1,6.1,2457,2525,1817,2606,2364,,,,2413,
Freeland, Kyle,607536,2020,70.2,46,15.1,7.6,2438,2473,1375,2444,2405,,,,2426,
Giolito, Lucas,608337,2020,72.1,97,33.7,9.7,2349,2095,1414,2493,,,,,2349,
Marquez, German,608566,2020,81.2,73,21.2,7.3,2157,2385,1816,2729,2140,,,,2152,
Mills, Alec,621219,2020,62.1,46,18.3,7.5,2185,2584,1707,2378,2207,,,,2197,
Berrios, Jose,621244,2020,63.0,68,25.1,9.6,2192,,1538,2354,2124,,,,2158,
Castillo, Luis,622491,2020,70.0,89,30.5,8.2,2188,2489,1949,,2115,,,,2153,
Senzatela, Antonio,622608,2020,73.1,41,13.5,5.9,2144,2177,2133,2312,,,,,2144,
Civale, Aaron,650644,2020,74.0,69,22.1,5.1,2343,2709,2028,2840,2269,2499,,,2382,
Cease, Dylan,656302,2020,58.1,44,17.3,13.3,2521,2801,1789,2680,,,,,2521,
Lamet, Dinelson,659275,2020,69.0,93,34.8,7.5,2495,2616,,,2442,,,,2484,
Singer, Brady,663903,2020,64.1,61,23.2,8.7,2199,2389,2164,,2241,,,,2241,
Valdez, Framber,664285,2020,70.2,76,26.4,5.6,2306,,1720,2982,2255,,,,2257,
Gallen, Zac,668678,2020,72.0,82,28.2,8.6,2380,,1530,2432,2192,2349,,,2367,
Bieber, Shane,669456,2020,77.1,122,41.1,7.1,2354,2551,1665,2352,,2529,,,2407,
Sabathia, CC,282332,2019,107.1,107,22.9,8.3,2098,2208,1885,,2051,2194,,,2156,
Wainwright, Adam,425794,2019,171.2,153,20.5,8.6,2191,,1769,2752,2171,2341,,,2238,
Greinke, Zack,425844,2019,208.2,187,23.1,3.7,2326,2517,1780,2446,2253,2409,1703,,2318,
Jackson, Edwin,429719,2019,67.2,52,15.5,9.5,2270,2299,2221,2518,2112,2339,,,2265,
Hamels, Cole,430935,2019,141.2,143,23.2,9.1,2059,,1713,2040,2034,1994,,,2036,
Hernandez, Felix,433587,2019,71.2,57,17.5,7.7,2151,2317,1734,2441,2060,,,,2077,
Petit, Yusmeiro,433589,2019,83.0,71,23.1,3.2,2232,,1887,2125,,2224,,,2229,
Verlander, Justin,434378,2019,223.0,300,35.4,5.0,2577,2612,1866,2821,,,,,2577,
Liriano, Francisco,434538,2019,70.0,63,20.9,11.6,2069,2289,1683,,2047,,,,2051,
Sanchez, Anibal,434671,2019,166.0,134,18.8,8.1,2238,2306,1421,2113,2134,2316,1717,,2251,
Rondon, Hector,444468,2019,60.2,48,18.7,7.8,2085,2348,1814,,2036,,,,2073,
Jansen, Kenley,445276,2019,63.0,80,30.4,6.1,,2387,,,2333,2556,,,2522,
Chavez, Jesse,445926,2019,78.0,72,21.4,6.5,2312,2333,2063,2429,2124,2311,,,2220,
Detwiler, Ross,446321,2019,69.2,46,14.6,8.6,2214,2177,1644,2145,2098,2257,,,2190,
Doolittle, Sean,448281,2019,60.0,66,25.4,5.8,2215,2424,,,,,2136,,2215,
Guerra, Junior,448855,2019,83.2,77,22.4,10.5,2459,,,2651,2356,,1235,,2409,
Morton, Charlie,450203,2019,194.2,240,30.4,7.2,2259,,,2886,2102,2436,2124,,2237,
Vargas, Jason,450306,2019,149.2,124,19.1,9.7,2234,,2208,2433,2203,,,,2220,
Lester, Jon,452657,2019,171.2,165,21.6,6.8,2251,,1939,2606,2143,2391,,,2302,
Hughes, Jared,453172,2019,71.1,54,18.7,9.3,2141,2107,1551,2053,1869,,,,1889,
Kennedy, Ian,453178,2019,63.1,73,27.4,6.4,2439,,2027,2687,,2209,,,2394,
LeBlanc, Wade,453281,2019,121.1,92,17.3,5.8,1935,,1544,2272,1888,2005,,,1954,
Parker, Blake,453284,2019,61.1,65,25.5,8.6,2142,,,2185,,2184,1039,,2147,
Scherzer, Max,453286,2019,172.1,243,35.1,4.8,2474,2365,1551,2719,,2441,,,2470,
Buchholz, Clay,453329,2019,59.0,39,15.4,6.3,2148,,1538,2707,2120,2273,,,2195,
Melancon, Mark,453343,2019,67.1,68,23.9,6.3,2341,,,2702,,2349,1801,,2348,
Arrieta, Jake,453562,2019,135.2,110,18.5,8.6,2275,2363,1730,2766,2196,,,,2197,
Price, David,456034,2019,107.1,128,27.9,7.0,2209,,1800,2264,2188,2193,,,2197,
Bailey, Homer,456701,2019,163.1,149,21.4,7.6,2095,1837,,1928,2030,,1122,,2091,
Guerra, Javy,457915,2019,67.2,57,19.9,5.9,2089,2101,1575,2289,,,,,2089,
Happ, J.A.,457918,2019,161.1,140,20.6,7.2,2319,2191,1715,2205,2103,,,,2262,
Albers, Matt,458006,2019,59.2,57,22.1,11.2,2139,2405,1530,,2036,,,,2054,
Lynn, Lance,458681,2019,208.1,246,28.1,6.7,2482,,1811,2352,2308,2583,,,2467,
Tomlin, Josh,458708,2019,79.1,51,15.9,2.2,2188,,1742,2805,2137,2608,,,2429,
Gonzalez, Gio,461829,2019,87.1,78,21.3,10.1,2261,,1623,2688,2145,,,,2205,
Soria, Joakim,465657,2019,69.0,79,28.4,7.2,2301,2711,1500,2751,2338,,,,2303,
Nova, Ivan,467100,2019,187.0,114,14.1,5.8,2246,,2000,2257,2162,2142,,,2181,
Chacin, Jhoulys,468504,2019,103.1,101,21.5,9.8,2158,2354,1422,2582,2080,,,,2103,
Carrasco, Carlos,471911,2019,80.0,96,28.2,4.7,2391,2729,1447,2886,2258,,,,2356,
Garcia, Luis,472610,2019,62.0,57,20.5,11.9,2098,2315,,,2071,,1060,,2083,
Anderson, Brett,474463,2019,176.0,90,12.1,6.6,2028,2384,1481,2393,1799,,,,1867,
Kershaw, Clayton,477132,2019,178.1,189,26.8,5.8,2477,2668,2210,2463,,,,,2477,
Cashner, Andrew,488768,2019,150.0,108,17.0,9.1,2204,2255,1545,2349,2048,,,,2194,
Miley, Wade,489119,2019,167.1,140,19.4,8.5,2210,2398,1869,2428,2056,2258,,,2229,
Stammen, Craig,489334,2019,82.0,73,21.5,4.4,2129,2341,2009,2363,2170,,,,2170,
Ottavino, Adam,493603,2019,66.1,88,31.1,14.1,2393,2876,,,2387,2683,,,2460,
Quintana, Jose,500779,2019,171.0,152,20.4,6.2,2016,,1287,2215,1977,,,,2000,
Pineda, Michael,501381,2019,146.0,140,23.3,4.7,1999,2011,1864,,1953,,,,1998,
Alvarez, Jose,501625,2019,59.0,51,20.0,7.1,2392,2354,1921,2395,2347,2374,,,2361,
Minor, Mike,501985,2019,208.1,200,23.2,7.9,2650,2737,2287,2534,,,,,2650,
Archer, Chris,502042,2019,119.2,143,27.2,10.5,2264,2613,1642,2678,2239,,,,2259,
Gibson, Kyle,502043,2019,160.0,160,22.7,7.9,2211,2469,1660,2482,2098,,,,2139,
Samardzija, Jeff,502188,2019,181.1,140,18.9,6.6,2571,2449,,2498,2480,2607,1451,,2559,
Leake, Mike,502190,2019,197.0,127,15.2,3.2,2086,2506,1719,2572,2023,2232,,,2131,
Cahill, Trevor,502239,2019,102.1,81,17.8,8.6,2220,,1566,2950,2207,2154,,,2192,
Anderson, Chase,502624,2019,139.0,124,20.9,8.4,2166,,2311,2171,2167,2382,,,2215,
Holland, Derek,502706,2019,84.1,82,21.8,12.0,,2243,1864,2098,2386,,,,2386,
Peacock, Brad,502748,2019,91.2,96,25.1,8.1,2296,2751,1970,2599,2230,,,,2261,
Darvish, Yu,506433,2019,178.2,229,31.3,7.7,2529,2725,1322,2624,2280,2651,1438,,2533,
Bettis, Chad,518452,2019,63.2,42,14.6,7.3,2037,,1370,2539,2023,2292,,,2116,
Bumgarner, Madison,518516,2019,207.2,203,24.1,5.1,2405,,1641,2645,2400,2488,,,2441,
Cishek, Steve,518553,2019,64.0,57,21.3,10.9,2409,2282,1975,,2372,,,,2383,
Diekman, Jake,518617,2019,62.0,84,29.8,13.8,2212,2814,1609,,2094,,,,2200,
Duffy, Danny,518633,2019,130.2,115,20.7,8.3,2242,2310,2295,2346,2181,,,,2232,
Harvey, Matt,518774,2019,59.2,39,14.7,10.9,2171,2413,1774,2516,2170,,,,2171,
Kelly, Merrill,518876,2019,183.1,158,20.3,7.3,2411,,2109,2683,2313,2433,,,2403,
McFarland, T.J.,519008,2019,56.0,35,14.0,8.0,1859,2252,1731,,1915,,,,1915,
Pomeranz, Drew,519141,2019,104.0,137,30.1,9.7,2436,,1967,2283,2358,2354,,,2419,
Porcello, Rick,519144,2019,174.1,143,18.6,5.9,2434,2555,1600,2810,2290,,,,2370,
Sale, Chris,519242,2019,147.1,218,35.6,6.0,2383,2492,1965,,2293,,,,2363,
Smith, Will,519293,2019,65.1,96,37.4,8.2,2219,2333,1837,2022,,,,,2219,
Walden, Marcus,519393,2019,78.0,76,23.2,9.8,2227,2378,,,2095,2276,,,2211,
Workman, Brandon,519443,2019,71.2,104,36.4,15.7,2127,,,2607,,2196,,,2151,
Zimmermann, Jordan,519455,2019,112.0,82,16.3,5.0,2284,2288,1708,2372,2201,,,,2262,
Baez, Pedro,520980,2019,69.2,69,25.0,8.3,2328,1740,1999,,2307,,,,2328,
Hendriks, Liam,521230,2019,85.0,124,37.3,6.3,2381,2156,,2122,2160,,,,2377,
Font, Wilmer,521655,2019,84.1,95,26.7,8.1,2370,2259,,2492,2270,,1333,,2351,
Perez, Martin,527048,2019,165.1,135,18.3,9.1,2131,,1795,2637,2051,2307,,,2178,
Teheran, Julio,527054,2019,174.2,162,21.5,11.0,2400,2603,1704,2762,2264,,,,2352,
Osuna, Roberto,532077,2019,65.0,73,28.9,4.7,2489,2495,1875,2565,2356,2502,,,2486,
Andriese, Matt,542882,2019,70.2,79,25.5,8.7,2337,2460,2223,2671,2180,,,,2335,
Armstrong, Shawn,542888,2019,58.0,63,23.2,10.7,2521,2863,,,,2597,,,2545,
Chatwood, Tyler,543022,2019,76.2,74,22.8,11.4,2479,,1789,3092,2516,2760,,,2531,
Cole, Gerrit,543037,2019,212.1,326,39.9,5.9,2530,2622,1870,2901,2508,,,,2529,
Conley, Adam,543045,2019,60.2,53,18.7,10.2,2330,2113,2036,2209,,,,,2330,
DeSclafani, Anthony,543101,2019,166.2,167,24.0,7.0,2249,2315,1535,2048,2086,,,,2196,
Eovaldi, Nathan,543135,2019,67.2,70,23.2,11.6,2184,2237,,2173,,2342,1573,,2238,
Gaviglio, Sam,543208,2019,95.2,88,22.4,5.6,,2140,1232,2128,2092,,,,2092,
Gray, Sonny,543243,2019,175.1,205,29.0,9.6,2527,2868,2047,2988,2441,2570,,,2493,
Hendricks, Kyle,543294,2019,177.0,150,20.5,4.4,2044,,2115,2784,1959,,,,1987,
Hudson, Daniel,543339,2019,73.0,71,23.4,8.9,2469,2642,2383,,2445,,,,2467,
Lyles, Jordan,543475,2019,141.0,146,24.4,9.2,2162,2333,1549,2491,2135,,,,2161,
May, Trevor,543507,2019,64.1,79,29.7,9.8,2347,2556,1988,2527,2345,,,,2347,
McHugh, Collin,543521,2019,74.2,82,25.9,9.5,2317,2825,1625,2797,2322,2560,,,2382,
Milone, Tommy,543548,2019,111.2,94,20.8,5.1,2192,2328,1745,2471,,,,,2192,
Montgomery, Mike,543557,2019,91.0,69,17.2,8.5,1978,,1787,2281,1888,2050,,,1957,
Odorizzi, Jake,543606,2019,159.0,178,27.1,8.1,2236,,,2253,,2161,1489,,2218,
Roark, Tanner,543699,2019,165.1,158,21.9,7.1,2145,2255,1701,2746,2087,,,,2113,
Shaw, Bryan,543766,2019,72.0,58,18.6,9.3,,2721,1549,2593,,2396,,,2396,
Familia, Jeurys,544727,2019,60.0,63,23.0,15.3,2211,2245,,,2180,,1754,,2188,
Strasburg, Stephen,544931,2019,209.0,251,29.8,6.7,2167,2250,1679,2773,2129,,,,2152,
Bauer, Trevor,545333,2019,213.0,253,27.8,9.0,2410,2737,1707,2548,2343,2640,,,2457,
Lorenzen, Michael,547179,2019,83.1,85,24.8,8.2,2538,2635,2150,2531,2372,2596,,,2521,
Tanaka, Masahiro,547888,2019,182.0,149,19.6,5.3,2143,2390,,2391,1916,2077,1589,,2108,
Ryu, Hyun Jin,547943,2019,182.2,163,22.5,3.3,2084,2337,1487,2573,2021,2065,,,2064,
Stripling, Ross,548389,2019,90.2,93,25.1,5.4,2274,2369,1584,2650,2134,2314,,,2270,
Wheeler, Zack,554430,2019,195.1,195,23.6,6.0,2341,2386,1771,2647,2256,,1383,,2299,
Pena, Felix,570240,2019,96.1,101,24.8,8.4,2091,2498,1675,,2099,,,,2098,
Urena, Jose,570632,2019,84.2,62,16.8,7.0,2044,2315,1712,2328,2157,,,,2156,
Robles, Hansel,570663,2019,72.2,75,26.5,5.7,2431,2406,1588,,2423,,,,2430,
Cessa, Luis,570666,2019,81.0,75,21.9,9.0,2301,2494,1645,2398,2222,,,,2286,
Boyd, Matthew,571510,2019,185.1,238,30.2,6.3,2383,2377,1956,2247,2353,2330,,,2381,
Corbin, Patrick,571578,2019,202.0,238,28.5,8.4,2283,2398,1646,1989,2195,,,,2227,
Farmer, Buck,571656,2019,67.2,73,25.3,8.3,2346,2654,1800,,,,,,2346,
Fiers, Mike,571666,2019,184.2,126,16.7,7.0,2327,2484,1938,2786,2258,,,,2301,
Givens, Mychal,571710,2019,63.0,86,33.1,10.0,2383,2476,2101,,,,,,2383,
Heaney, Andrew,571760,2019,95.1,118,28.9,7.3,,,1988,2545,2524,,,,2524,
Law, Derek,571882,2019,60.2,67,23.5,14.0,2132,2245,2014,2045,,,,,2132,
Matz, Steven,571927,2019,160.1,153,22.1,7.5,,2069,2301,2448,2102,,,,2102,
Mikolas, Miles,571945,2019,184.0,144,18.8,4.2,2302,2327,1667,2588,2229,,,,2268,
Paxton, James,572020,2019,150.2,186,29.4,8.7,2263,,2073,2013,,2081,,,2217,
Skaggs, Tyler,572140,2019,79.2,78,23.3,8.4,2193,,1699,2609,,,,,2193,
Erlin, Robbie,572362,2019,55.1,52,20.7,6.0,2376,2491,1546,2598,2242,,,,2320,
VerHagen, Drew,572403,2019,58.0,51,19.8,8.9,2318,2279,2127,2414,2239,,,,2258,
Greene, Shane,572888,2019,62.2,64,25.4,6.7,2295,2593,1714,,2173,2473,,,2295,
Keuchel, Dallas,572971,2019,112.2,91,18.7,8.0,2123,2229,1572,,2006,2134,,,2048,
Rogers, Taylor,573124,2019,69.0,90,32.4,4.0,2222,2529,,2663,2074,,,,2074,
Stroman, Marcus,573186,2019,184.1,159,20.5,7.5,2455,2838,1929,2686,2345,2615,,,2452,
Kikuchi, Yusei,579328,2019,161.2,116,16.1,6.9,2096,2220,1772,2527,,,,,2096,
Bedrosian, Cam,592135,2019,61.1,64,24.8,8.5,2377,2630,,,,,1791,,2377,
Claudio, Alex,592222,2019,62.0,44,16.5,9.0,2056,2238,2177,2099,1984,,,,1987,
Covey, Dylan,592229,2019,58.2,41,14.6,10.0,2124,2045,1306,2447,2070,2162,,,2109,
Foltynewicz, Mike,592314,2019,117.0,105,21.4,7.5,2237,2443,1876,2436,2184,,,,2211,
Gausman, Kevin,592332,2019,102.1,114,25.3,7.1,2249,2310,1773,,,,1576,,2249,
Gonzalez, Chi Chi,592346,2019,63.0,46,16.5,11.9,2428,2632,1708,,2302,2535,,,2446,
Gray, Jon,592351,2019,150.0,150,23.5,8.8,2066,2220,1559,2518,1799,,,,2060,
Jackson, Luke,592426,2019,72.2,106,33.7,8.3,2304,2576,2134,2645,,,,,2304,
Kingham, Nick,592468,2019,55.2,46,17.8,9.7,2311,2355,2045,2373,2165,2281,,,2280,
Osich, Josh,592612,2019,67.2,61,22.4,5.5,2367,2288,1686,,2359,2269,,,2289,
Plutko, Adam,592644,2019,109.1,78,16.9,5.6,2265,2738,1630,2886,,2456,,,2324,
Ray, Robbie,592662,2019,174.1,235,31.5,11.2,2257,2145,,2045,2182,,,,2243,
Sampson, Adrian,592716,2019,125.1,101,17.9,6.4,,2595,1856,2516,2016,,,,2016,
Sanchez, Aaron,592717,2019,131.1,115,19.0,11.2,2253,,1811,2841,2241,,,,2248,
Smith, Caleb,592761,2019,153.1,168,26.0,9.3,2425,2297,1918,,,,,,2425,
Smyly, Drew,592767,2019,114.0,120,23.3,10.7,2086,,1185,1950,,2053,,,2077,
Stanek, Ryne,592773,2019,77.0,89,27.2,11.9,2364,2251,,,,,1103,,2364,
Syndergaard, Noah,592789,2019,197.2,202,24.5,6.1,2197,2178,1689,2275,2106,,,,2151,
Velasquez, Vince,592826,2019,117.1,130,25.2,8.3,2398,2467,,2475,2025,,,,2369,
Williams, Trevor,592866,2019,145.2,113,17.8,6.9,2203,2202,1814,2259,1937,,,,2144,
Wojciechowski, Asher,592879,2019,82.1,80,22.2,7.8,2235,2371,2000,,,2408,,,2280,
Rodriguez, Richard,593144,2019,65.1,63,22.1,8.1,2506,2421,1833,,2432,,,,2503,
German, Domingo,593334,2019,143.0,153,25.8,6.6,2440,,2414,2599,2420,,,,2435,
Montas, Frankie,593423,2019,96.0,103,26.1,5.8,2421,2509,,,2359,,1636,,2379,
Neris, Hector,593576,2019,67.2,89,32.4,8.7,2477,,,,2373,,1519,,2450,
Ynoa, Gabriel,593679,2019,110.2,67,14.0,5.4,2049,2280,2007,2306,2029,,,,2040,
Suero, Wander,593833,2019,71.1,81,27.4,8.8,2471,,2101,2829,,2554,,,2553,
Rodriguez, Eduardo,593958,2019,203.1,213,24.8,8.7,2198,2195,2049,2288,2141,2226,,,2192,
deGrom, Jacob,594798,2019,204.0,255,31.7,5.5,2389,2455,1698,2569,2281,,,,2387,
Gonzales, Marco,594835,2019,203.0,147,17.0,6.5,2208,,2171,2346,2253,2246,,,2250,
Ryan, Kyle,594986,2019,61.0,58,22.3,11.2,2070,,1773,2424,1982,2187,,,2088,
Treinen, Blake,595014,2019,58.2,59,22.2,13.9,2415,2609,,,2250,2489,,,2344,
Beede, Tyler,595881,2019,117.0,113,21.6,8.8,2320,2199,1600,2292,2260,,,,2320,
Junis, Jakob,596001,2019,175.1,164,21.3,7.5,2079,2522,1336,2421,1923,,,,2026,
Mengden, Daniel,596043,2019,59.2,42,16.2,10.4,2217,2342,1945,2526,2086,2178,,,2169,
Norris, Daniel,596057,2019,144.1,125,20.5,6.2,2385,2512,1568,2536,2231,,,,2365,
Peters, Dillon,596071,2019,72.0,55,16.8,8.0,2245,2388,1606,2909,2182,,,,2239,
Stephenson, Robert,596112,2019,64.2,81,30.9,9.2,2434,2799,,,,,1644,,2434,
Weaver, Luke,596133,2019,64.1,69,26.5,5.4,2308,,1572,2216,2455,2213,,,2288,
Barnes, Matt,598264,2019,64.1,110,38.6,13.3,2412,,,2274,,,2113,,2412,
Ramirez, Nick,598286,2019,79.2,74,21.3,10.1,2032,,1471,2281,1972,2178,,,2098,
Ramirez, Noe,598287,2019,67.2,79,28.2,7.1,2243,,2001,2742,,,,,2243,
Leclerc, Jose,600917,2019,68.2,100,33.4,13.0,2655,2713,2206,2667,2430,,,,2616,
Pivetta, Nick,601713,2019,93.2,89,21.1,9.3,2340,2306,1928,2861,2146,,,,2332,
Barlow, Scott,605130,2019,70.1,92,29.7,11.9,2300,2445,1593,2516,2198,,,,2281,
Bassitt, Chris,605135,2019,144.0,141,23.0,7.7,2220,2313,2057,2238,2146,2253,,,2187,
Bradley, Archie,605151,2019,71.2,87,27.4,11.4,2242,,1533,1978,2134,,,,2225,
Brebbia, John,605154,2019,72.2,87,28.6,8.9,2389,2605,2174,,,,,,2389,
Brewer, Colten,605155,2019,54.2,52,20.6,13.4,2271,2576,1894,2820,2135,2368,,,2362,
Brooks, Aaron,605156,2019,110.0,82,17.0,7.1,2083,2467,1642,2272,2013,,,,2047,
Bundy, Dylan,605164,2019,161.2,162,23.1,8.3,2458,2573,1569,2404,2288,,,,2433,
Clevinger, Mike,605182,2019,126.0,169,33.9,7.4,2341,2516,1540,2310,,,,,2341,
Davies, Zach,605200,2019,159.2,102,15.2,7.6,,2426,1785,2636,2233,2313,,,2248,
Fry, Jace,605240,2019,55.0,68,27.1,17.1,2446,,1624,2412,2335,2609,,,2537,
Hess, David,605276,2019,80.0,68,18.6,8.2,2184,2322,1595,2351,2039,,,,2170,
Houser, Adrian,605288,2019,111.1,117,25.3,8.0,2193,2216,1553,2004,2145,,,,2167,
Lopez, Jorge,605347,2019,123.2,109,19.9,7.7,1944,2199,1574,2450,1878,,,,1917,
Musgrove, Joe,605397,2019,170.1,157,21.9,5.4,2419,2495,2001,2575,2278,2514,,,2404,
Nola, Aaron,605400,2019,202.1,229,26.9,9.4,2171,,1570,2574,2132,,,,2162,
Rodriguez, Dereck,605446,2019,99.0,71,16.2,8.2,2051,,1935,2589,2058,2165,,,2077,
Ross, Joe,605452,2019,64.0,57,19.3,11.2,2150,1933,1690,2106,2092,,,,2115,
Snell, Blake,605483,2019,107.0,147,33.3,9.1,2353,2367,1821,2464,,,,,2353,
Turnbull, Spencer,605513,2019,148.1,146,22.3,9.0,2396,2438,1810,2571,2188,,,,2333,
Woodruff, Brandon,605540,2019,121.2,143,29.0,6.1,2257,2324,1792,2298,2165,,,,2220,
Perdomo, Luis,606131,2019,72.0,55,18.6,6.1,1977,2295,,,1891,,1569,,1891,
Gallegos, Giovanny,606149,2019,74.0,93,33.3,5.7,2428,2242,1943,,,,,,2428,
Devenski, Chris,606965,2019,69.0,72,24.2,7.0,2369,2298,1659,,,,,,2369,
Fedde, Erick,607200,2019,78.0,41,12.3,9.9,1860,,1624,2355,1807,2079,,,1870,
Gsellman, Robert,607229,2019,63.2,60,21.7,8.3,2200,2429,1748,2748,2208,,,,2207,
Gant, John,607231,2019,66.1,60,22.3,12.6,2520,,1509,2653,2466,2643,,,2515,
Biagini, Joe,607352,2019,64.2,60,21.4,9.3,2032,,1564,2821,2156,2243,,,2164,
Bummer, Aaron,607481,2019,67.2,60,22.9,9.2,2087,2245,1690,,2032,2231,,,2071,
Freeland, Kyle,607536,2019,104.1,79,16.7,8.2,2291,2235,1519,2256,2269,,,,2287,
Lugo, Seth,607625,2019,80.0,104,33.1,5.1,2220,2435,1734,3286,2241,,,,2229,
Means, John,607644,2019,155.0,121,19.0,6.0,2376,2324,2331,2239,,,,,2376,
Estevez, Carlos,608032,2019,72.0,81,26.3,7.5,2248,2394,1717,,2215,,,,2247,
Fried, Max,608331,2019,165.2,173,24.6,6.7,2077,2562,1514,2844,1988,2115,,,2072,
Giolito, Lucas,608337,2019,176.2,228,32.3,8.1,2333,2036,1563,2512,,,,,2333,
Wacha, Michael,608379,2019,126.2,104,18.5,9.8,2032,,1606,2066,1940,2097,,,2046,
Marquez, German,608566,2019,174.0,175,24.3,4.9,2225,2371,1969,2693,2171,,,,2207,
Stratton, Chris,608717,2019,76.0,69,20.1,9.6,2498,2922,2106,3107,2521,2453,,,2498,
Castro, Miguel,612434,2019,73.1,71,22.3,12.9,,3029,2199,,2287,,,,2287,
Chen, Wei-Yin,612672,2019,68.1,63,20.5,5.9,2136,2291,1369,2299,2058,,,,2132,
Quantrill, Cal,615698,2019,103.0,89,20.1,6.3,2135,2346,1429,2326,2060,,,,2087,
Waguespack, Jacob,621097,2019,78.0,63,18.8,8.7,2011,2121,1519,2168,1983,1984,,,1996,
Eflin, Zach,621107,2019,163.1,129,18.3,6.8,2185,2248,1785,2412,2090,2227,,,2150,
Buehler, Walker,621111,2019,182.1,215,29.2,5.0,2456,2867,1516,2915,2346,2713,,,2491,
Buttrey, Ty,621142,2019,72.1,84,27.2,7.4,2233,1867,1835,,2047,,,,2233,
Diaz, Edwin,621242,2019,58.0,99,39.0,8.7,2372,2372,,,2349,,,,2372,
Berrios, Jose,621244,2019,200.1,195,23.2,6.1,2190,,1705,2334,2110,,,,2156,
Strahm, Matt,621381,2019,114.2,118,24.2,4.5,2308,2461,2086,2572,2311,,,,2308,
Young, Alex,622065,2019,83.1,71,20.3,7.7,2219,,1794,2379,2208,2347,,,2265,
Castillo, Luis,622491,2019,190.2,226,28.9,10.1,2170,2330,1972,,2073,,,,2130,
Senzatela, Antonio,622608,2019,124.2,76,13.1,9.8,2102,2136,2059,2214,,,,,2102,
Hernandez, Elieser,622694,2019,82.1,85,24.1,7.4,2247,2245,1886,,2174,,,,2244,
Hader, Josh,623352,2019,75.2,138,47.8,6.9,2123,2618,1590,,1771,,,,2117,
Pannone, Thomas,623381,2019,73.0,69,21.2,9.5,2219,2348,1881,2447,,,,,2219,
Anderson, Nick,623433,2019,65.0,110,41.7,6.8,2326,,,2094,,,,,2326,
Lopez, Reynaldo,625643,2019,184.0,169,20.9,8.0,2137,2120,1610,2084,,,,,2137,
Maeda, Kenta,628317,2019,153.2,169,27.1,8.2,2287,2525,,2685,2228,,1522,,2282,
Iglesias, Raisel,628452,2019,67.0,89,31.9,7.5,2364,2531,1872,,2428,,,,2378,
Urias, Julio,628711,2019,79.2,85,26.1,8.3,2511,2584,1855,2746,2458,,,,2508,
Chirinos, Yonny,630023,2019,133.1,114,21.5,5.3,2399,2335,,,2278,,1294,,2280,
Lopez, Pablo,641154,2019,111.1,95,20.3,5.8,2069,,1943,2358,2036,,,,2060,
Anderson, Shaun,641312,2019,96.0,70,16.4,8.9,2495,2649,1454,2519,2335,,,,2459,
Cortes, Nestor,641482,2019,66.2,69,23.2,9.4,2188,2321,1461,2252,2151,,,,2184,
Hudson, Dakota,641712,2019,174.2,136,18.0,11.4,2168,2430,1459,2196,2134,,,,2141,
Jimenez, Joe,641729,2019,59.2,82,31.9,8.9,2528,2329,2091,,,,,,2528,
Keller, Brad,641745,2019,165.1,122,17.2,9.9,2295,2510,1698,,2100,,,,2221,
Lauer, Eric,641778,2019,149.2,138,21.2,7.8,2216,2393,1982,2376,,2211,,,2215,
Mahle, Tyler,641816,2019,129.2,129,23.2,6.1,2161,,,2595,,2457,1632,,2193,
McCarthy, Kevin,641838,2019,60.1,38,14.2,7.8,2021,2197,1808,2123,1991,,,,1993,
Pagan, Emilio,641941,2019,70.0,96,36.0,4.9,2483,,,2544,,2351,,,2434,
Sparkman, Glenn,642098,2019,136.0,81,13.4,6.8,2252,2411,2038,2474,,2071,,,2252,
Trivino, Lou,642152,2019,60.0,57,21.2,11.5,2111,,1765,2505,2146,2434,,,2245,
Yarbrough, Ryan,642232,2019,141.2,117,20.8,3.6,2100,,2123,2405,1987,2176,,,2101,
Soto, Gregory,642397,2019,57.2,45,16.3,12.0,2322,2330,2033,,2346,,,,2344,
Barria, Jaime,642545,2019,82.2,75,20.5,7.4,2248,2239,1478,,2215,,,,2243,
Peralta, Freddy,642547,2019,85.0,115,30.1,9.7,2454,,1966,2424,,,,,2454,
Jurado, Ariel,642558,2019,122.1,81,15.0,6.7,2031,2124,1945,2267,1770,,,,1863,
Agrazal, Dario,642607,2019,73.1,41,12.8,5.6,2270,2247,1786,,2233,,,,2240,
Brault, Steven,643230,2019,113.1,100,19.8,10.5,2068,2192,1582,2032,1888,2211,,,2055,
Fry, Paul,643316,2019,57.1,55,21.6,11.4,2404,2737,1840,,,,,,2404,
Godley, Zack,643327,2019,92.0,70,17.2,10.3,2255,,1717,2123,2202,2238,,,2213,
Green, Chad,643338,2019,69.0,98,33.2,6.4,2463,2250,,,,,1983,,2463,
Alcantara, Sandy,645261,2019,197.1,151,18.0,9.7,2356,2478,1923,2481,2393,,,,2374,
Soroka, Mike,647336,2019,174.2,142,20.3,5.8,2362,2776,2178,,2175,,,,2231,
Castillo, Diego,650895,2019,68.2,81,27.9,9.0,2046,2348,,,2123,,,,2117,
Beeks, Jalen,656222,2019,104.1,89,19.2,8.6,2005,,1837,2586,2047,2167,,,2023,
Canning, Griffin,656288,2019,90.1,96,25.0,7.8,2335,2506,1671,2425,,,,,2335,
Cease, Dylan,656302,2019,73.0,81,24.8,10.7,2449,2622,1626,2622,2403,,,,2445,
Flaherty, Jack,656427,2019,196.1,231,29.9,7.1,2225,2384,1704,2504,2017,,,,2183,
Hoffman, Jeff,656546,2019,70.0,68,21.6,10.8,2453,2486,1425,2624,,,,,2453,
Martin, Brett,656685,2019,62.1,62,22.1,6.4,2348,2276,,2256,2272,,,,2314,
Newcomb, Sean,656794,2019,68.1,65,22.2,9.9,2240,2841,1618,2874,,,,,2240,
Yamamoto, Jordan,657141,2019,78.2,82,25.2,11.1,2245,2780,1853,2638,2377,2505,,,2315,
James, Josh,657624,2019,61.1,100,37.6,13.2,2414,2537,1870,2560,,,,,2414,
Lamet, Dinelson,659275,2019,73.0,105,33.5,9.6,2407,2653,1802,2710,2380,,,,2398,
Suarez, Jose,660761,2019,81.0,72,19.2,8.8,2243,2476,1608,2788,,,,,2243,
Thornton, Trent,663423,2019,154.1,149,22.0,9.0,2372,3092,1497,2784,2315,2690,1345,,2449,
Lambert, Peter,663567,2019,89.1,57,13.6,8.6,2256,2164,1534,2277,2247,,,,2256,
Paddack, Chris,663978,2019,140.2,153,26.9,5.5,2230,,1707,2145,,,,,2230,
Lucchesi, Joey,664192,2019,163.2,158,23.0,8.2,,,,2091,2215,2232,,,2219,
Clarke, Taylor,664199,2019,84.2,68,18.4,8.1,2316,2227,1520,2484,2166,,,,2295,
Valdez, Framber,664285,2019,70.2,68,20.7,13.4,2228,,1802,2960,2176,,,,2191,
Plesac, Zach,668676,2019,115.2,88,18.5,8.4,2133,2028,1543,1955,,,,,2133,
Gallen, Zac,668678,2019,80.0,96,28.7,10.8,2370,,1499,2404,2255,2329,,,2357,
Bieber, Shane,669456,2019,214.1,259,30.2,4.7,2254,2370,1725,2303,2189,,,,2254,
Richards, Trevor,670950,2019,135.1,127,21.9,9.7,2139,,2391,2228,,2030,,,2118,
Margevicius, Nick,676606,2019,57.0,42,16.0,7.2,2159,1960,1816,1939,,,,,2159,
Colon, Bartolo,112526,2018,146.1,81,12.9,4.0,2280,2388,1657,,2136,2312,,,2171,
Sabathia, CC,282332,2018,153.0,140,21.1,7.7,2070,2250,1878,,2027,2221,,,2172,
Rodney, Fernando,407845,2018,64.1,70,24.6,11.2,2154,2182,1735,,2026,,,,2067,
Greinke, Zack,425844,2018,207.2,199,23.7,5.1,2335,2540,1738,2476,2278,,,,2329,
Jackson, Edwin,429719,2018,92.0,68,17.8,9.7,2265,2282,2108,2514,2096,2300,,,2246,
Hamels, Cole,430935,2018,190.2,188,23.3,8.1,2083,2114,1652,2199,2078,2045,,,2071,
Hernandez, Felix,433587,2018,155.2,125,18.2,8.6,2080,2264,1701,2357,1997,2275,,,2019,
Petit, Yusmeiro,433589,2018,93.0,76,20.7,4.9,2214,,1866,2198,2111,2179,,,2203,
Verlander, Justin,434378,2018,214.0,290,34.8,4.4,2618,2684,1899,2894,,2558,,,2618,
Liriano, Francisco,434538,2018,133.2,110,18.8,12.5,2026,2245,1717,2308,2024,,,,2024,
Hammel, Jason,434628,2018,127.0,92,15.8,6.7,2093,2527,1657,2346,2036,,,,2050,
Sanchez, Anibal,434671,2018,136.2,135,24.4,7.6,2239,2346,1355,2156,2156,2341,1640,,2262,
McCarthy, Brandon,435221,2018,78.2,65,19.2,6.2,2146,2350,,2620,2115,2207,,,2157,
Rondon, Hector,444468,2018,59.0,67,26.8,8.0,2049,2355,1919,,2035,,,,2048,
Kintzler, Brandon,445213,2018,60.2,43,16.3,8.4,1976,2209,2214,,1981,,,,1981,
Jansen, Kenley,445276,2018,71.2,82,28.4,5.9,2640,2479,,,2361,2601,,,2575,
Chavez, Jesse,445926,2018,95.1,92,24.4,4.5,2349,2376,1940,2671,2190,2382,,,2311,
Kluber, Corey,446372,2018,215.0,222,26.4,4.0,2410,,1751,2607,2268,2604,,,2425,
Ziegler, Brad,446899,2018,73.2,50,16.4,8.2,1934,,1955,2113,1876,,,,1876,
Hill, Rich,448179,2018,132.2,150,27.4,7.5,2472,2785,,2884,2326,2530,,,2462,
Shields, James,448306,2018,204.2,154,17.7,9.0,2271,,1665,2478,2178,2342,,,2281,
Garcia, Jaime,448802,2018,82.0,73,19.8,11.9,2324,2738,1959,2721,2154,,,,2243,
Guerra, Junior,448855,2018,141.0,136,22.3,9.0,2271,2296,,2561,2124,,1319,,2208,
Morton, Charlie,450203,2018,167.0,201,28.9,9.2,2243,,,2923,2109,2518,2122,,2213,
Vargas, Jason,450306,2018,92.0,84,20.8,7.4,2283,,2301,2502,2228,,,,2240,
Fister, Doug,450729,2018,66.0,40,13.8,6.6,1947,,1743,2035,1904,2065,,,1934,
Davis, Wade,451584,2018,65.1,78,29.9,10.0,2419,,1792,2549,2388,2696,,,2520,
Gallardo, Yovani,451596,2018,94.1,58,13.7,11.1,2092,2218,1895,2368,2043,,,,2070,
Lester, Jon,452657,2018,181.2,149,19.6,8.4,2230,,1805,2571,2073,2381,,,2269,
Hughes, Jared,453172,2018,78.2,59,19.8,7.7,2123,2166,2166,,1822,,,,1851,
Kennedy, Ian,453178,2018,119.2,105,20.3,7.7,2373,2078,1951,2616,2320,2118,,,2334,
Watson, Tony,453265,2018,66.0,72,27.6,5.4,,2331,2384,,2302,,,,2302,
LeBlanc, Wade,453281,2018,162.0,130,19.6,6.0,1944,2072,1522,2206,1878,2006,,,1940,
Parker, Blake,453284,2018,66.1,70,25.4,6.9,2132,,,2227,,2309,1034,,2134,
Scherzer, Max,453286,2018,220.2,300,34.6,5.9,2487,2386,1457,2512,,2425,,,2477,
Buchholz, Clay,453329,2018,98.1,81,20.6,5.6,2129,,1536,2730,2110,2293,,,2186,
Richard, Clayton,453385,2018,158.2,108,15.8,8.8,2244,2285,1674,,2138,,,,2154,
Arrieta, Jake,453562,2018,172.2,138,19.1,7.9,2310,2466,1650,2771,2241,,,,2243,
Price, David,456034,2018,176.0,177,24.5,6.9,2241,,1719,2207,2172,2159,,,2179,
Hernandez, David,456696,2018,64.0,65,25.6,6.7,2346,,1982,2168,2184,2313,,,2242,
Bailey, Homer,456701,2018,106.1,75,15.2,6.7,2080,1887,1290,1890,1995,,1246,,2057,
Happ, J.A.,457918,2018,177.2,193,26.3,7.0,2334,2187,1619,2130,2140,,,,2297,
Lynn, Lance,458681,2018,156.2,161,23.0,10.9,2385,,1611,2221,2218,2505,,,2339,
Tomlin, Josh,458708,2018,70.1,46,14.3,3.7,2205,,1697,2758,2147,2591,,,2408,
Clippard, Tyler,461325,2018,68.2,85,29.8,8.1,2261,1946,2060,1790,,,1322,,2261,
Gonzalez, Gio,461829,2018,171.0,148,19.8,10.7,2229,,1629,2713,2122,,,,2177,
Estrada, Marco,462136,2018,143.2,103,16.4,8.0,2302,,2021,2620,,2464,,,2320,
Johnson, Jim,462382,2018,63.1,45,16.8,8.2,2206,,1685,2182,2172,,,,2177,
Soria, Joakim,465657,2018,60.2,75,29.4,6.3,2255,2750,1270,2689,2131,,,,2253,
Nova, Ivan,467100,2018,161.0,114,16.7,5.1,2294,,2018,2250,2168,,,,2227,
Chacin, Jhoulys,468504,2018,192.2,156,19.6,8.9,2136,2367,1387,2365,2026,,1598,,2056,
Carrasco, Carlos,471911,2018,192.0,231,29.5,5.5,2353,2645,1507,2825,2205,,,,2309,
Dyson, Sam,473879,2018,70.1,56,20.5,7.3,2358,3112,1943,,2240,2587,,,2312,
Anderson, Brett,474463,2018,80.1,47,14.1,3.9,1997,2353,1581,2339,1829,,,,1890,
Ross, Tyson,475115,2018,149.2,122,19.2,9.8,2513,2663,2148,,2490,2549,,,2514,
Hellickson, Jeremy,476451,2018,91.1,65,17.6,5.4,2088,,1836,2831,2064,2397,,,2133,
Betances, Dellin,476454,2018,66.2,115,42.3,9.6,2362,2506,1702,2553,,,,,2362,
Kershaw, Clayton,477132,2018,161.1,155,23.8,4.5,2389,2529,2181,2450,,,,,2389,
Cashner, Andrew,488768,2018,153.0,99,14.5,9.5,2188,2155,1472,2307,2048,,,,2108,
Hunter, Tommy,488984,2018,64.0,51,18.9,5.6,2410,,,2750,2417,2434,,,2425,
Miley, Wade,489119,2018,80.2,50,14.8,8.0,2220,2417,1866,2486,2041,2261,,,2218,
Romo, Sergio,489265,2018,67.1,75,26.4,7.0,2270,2854,2042,,2171,,,,2219,
Stammen, Craig,489334,2018,79.0,88,27.8,5.4,2219,2291,,2327,2060,2406,,,2061,
Yates, Kirby,489446,2018,63.0,90,36.0,6.8,2323,2136,,,,,1369,,2323,
Oh, Seunghwan,493200,2018,68.1,79,28.8,6.2,2267,2310,1597,2566,2134,2222,,,2248,
Ottavino, Adam,493603,2018,77.2,112,36.2,11.7,2274,2787,1794,,2288,2605,,,2338,
Quintana, Jose,500779,2018,174.1,158,21.4,9.2,2019,,1275,2176,1980,,,,2008,
Alvarez, Jose,501625,2018,63.0,59,22.6,8.4,2314,2312,1936,2305,2240,2323,,,2290,
Minor, Mike,501985,2018,157.0,132,20.6,5.9,2543,2580,2197,2443,2516,,,,2543,
Jeffress, Jeremy,502026,2018,76.2,89,29.8,9.0,2258,,,2464,2059,,1547,,2152,
Archer, Chris,502042,2018,148.1,162,25.4,7.7,2209,2555,1724,2614,2210,,,,2210,
Gibson, Kyle,502043,2018,196.2,179,21.7,9.6,2219,2472,1696,2471,2086,,,,2140,
Robertson, David,502085,2018,69.2,91,32.2,9.2,2661,2655,2271,2772,2406,2566,,,2563,
Cobb, Alex,502171,2018,152.1,102,15.4,6.5,2227,,,2570,2120,,1641,,2120,
Leake, Mike,502190,2018,185.2,119,15.2,4.3,2121,2447,1769,2560,2006,2200,,,2083,
Cahill, Trevor,502239,2018,110.0,100,22.2,9.1,2297,,1531,2933,2268,2157,,,2235,
Santiago, Hector,502327,2018,102.0,103,22.4,13.0,2123,2075,1952,2077,2043,,,,2119,
Anderson, Chase,502624,2018,158.0,128,19.9,8.9,2160,,2247,2220,2108,2340,,,2178,
Holland, Derek,502706,2018,171.1,169,23.2,9.2,,2178,2125,2076,2353,,,,2353,
Peacock, Brad,502748,2018,65.0,96,35.3,7.4,2313,2685,1746,2621,2261,,,,2286,
Colome, Alex,517008,2018,68.0,72,25.5,7.4,2104,,,,,2144,,,2126,
Alexander, Scott,518397,2018,66.0,56,20.9,10.1,2246,2303,1719,,2224,,,,2224,
Bettis, Chad,518452,2018,120.1,80,15.4,9.1,1876,,1377,2224,1808,2051,,,1929,
Bumgarner, Madison,518516,2018,129.2,109,19.8,7.8,2082,,1458,2297,2022,2129,,,2104,
Cishek, Steve,518553,2018,70.1,78,27.1,9.7,2396,2388,2078,,2348,,,,2359,
Duffy, Danny,518633,2018,155.0,141,20.4,10.1,2264,2330,2412,2366,2227,,,,2252,
Harvey, Matt,518774,2018,155.0,131,19.8,5.6,2163,2392,1805,2530,2151,,,,2157,
McFarland, T.J.,519008,2018,72.0,42,14.4,7.5,2030,2326,1739,,1986,,,,1986,
Moore, Matt,519043,2018,102.0,86,18.3,8.7,2267,,1832,2398,,2160,,,2253,
Pomeranz, Drew,519141,2018,74.0,66,19.2,12.8,2300,,1826,2221,2236,2286,,,2285,
Porcello, Rick,519144,2018,191.1,190,23.5,5.9,2433,2555,1760,2824,2352,,,,2385,
Pressly, Ryan,519151,2018,71.0,101,34.6,7.5,2568,2734,,3225,2415,,,,2556,
Sale, Chris,519242,2018,158.0,237,38.4,5.5,2357,2496,2045,,2218,,,,2330,
Zimmermann, Jordan,519455,2018,131.1,111,20.0,4.7,2303,2357,1881,2387,2166,,,,2297,
Kelly, Joe,523260,2018,65.2,68,23.9,11.2,2251,2565,1934,3103,2097,,,,2236,
Perez, Martin,527048,2018,85.1,52,13.1,9.1,2112,2290,1761,2632,2012,,,,2037,
Teheran, Julio,527054,2018,175.2,162,22.4,11.6,2326,2582,1615,2670,2154,,,,2272,
Anderson, Tyler,542881,2018,176.0,164,22.3,8.0,2250,,1901,2336,2195,2464,,,2330,
Andriese, Matt,542882,2018,78.2,78,22.9,7.4,2374,2478,2087,2676,,,,,2374,
Brach, Brad,542960,2018,62.2,60,20.8,9.7,2245,2525,1958,,2145,,,,2235,
Chatwood, Tyler,543022,2018,103.2,85,17.5,19.5,2440,,1672,2826,2371,2594,,,2463,
Cole, Gerrit,543037,2018,200.1,276,34.5,8.0,2379,2571,1667,2842,2315,,,,2372,
DeSclafani, Anthony,543101,2018,115.0,108,22.3,6.2,2199,2231,1651,1684,2035,,,,2125,
Eovaldi, Nathan,543135,2018,111.0,101,22.2,4.4,2135,2182,,2079,,2389,1472,,2249,
Flynn, Brian,543169,2018,75.2,47,14.0,10.4,2320,2376,1715,,2285,,,,2296,
Gaviglio, Sam,543208,2018,123.2,105,19.2,6.9,,2137,1473,2122,2040,,,,2040,
Gray, Sonny,543243,2018,130.1,123,21.1,9.8,2449,2710,2013,2852,2310,2392,,,2375,
Hand, Brad,543272,2018,72.0,106,35.2,9.3,2476,2584,,,2334,,,,2428,
Hardy, Blaine,543278,2018,86.0,66,18.8,6.3,2163,,2026,1953,2102,2361,,,2262,
Hendricks, Kyle,543294,2018,199.0,161,19.8,5.4,2074,,2090,2795,1947,,,,1983,
Jennings, Dan,543359,2018,64.1,45,16.6,8.5,2233,2452,1681,,2213,,,,2215,
Lyles, Jordan,543475,2018,87.2,84,22.6,7.5,2105,2221,1602,2301,1993,,,,2072,
McHugh, Collin,543521,2018,72.1,94,33.2,7.4,2304,2835,1885,2799,2378,2549,,,2340,
Montgomery, Mike,543557,2018,124.0,86,16.1,7.3,1943,,1790,2302,1874,1972,,,1908,
Odorizzi, Jake,543606,2018,164.1,162,22.8,9.8,2255,2202,,2290,,2221,1605,,2253,
Roark, Tanner,543699,2018,180.1,146,19.2,6.6,2103,2286,1731,2744,2048,2145,,,2069,
Shaw, Bryan,543766,2018,54.2,54,21.0,10.9,2257,2803,1680,2410,,2442,,,2442,
Familia, Jeurys,544727,2018,72.0,83,27.5,9.3,2258,2286,,,2218,,1739,,2227,
Strasburg, Stephen,544931,2018,130.0,156,28.7,7.0,2122,2275,1689,2729,2038,,,,2112,
Bauer, Trevor,545333,2018,175.1,221,30.8,7.9,2322,2666,1852,2601,2316,2611,,,2373,
Lorenzen, Michael,547179,2018,81.0,54,15.7,9.9,2381,2529,1888,2504,2239,2575,,,2371,
Tanaka, Masahiro,547888,2018,156.0,159,25.0,5.5,2181,2406,,2428,1952,2305,1471,,2159,
Ryu, Hyun Jin,547943,2018,82.1,89,27.5,4.6,2052,2308,1578,2543,2037,2036,,,2045,
Stripling, Ross,548389,2018,122.0,136,27.0,4.4,2293,2362,1602,2652,,2323,,,2295,
Vazquez, Felipe,553878,2018,70.0,89,30.1,8.1,2554,2755,1976,2757,2526,,,,2553,
Wheeler, Zack,554430,2018,182.1,179,24.1,7.4,2312,2338,1958,2556,2234,,1605,,2291,
Pena, Felix,570240,2018,92.2,85,21.9,7.2,2220,2628,1747,,2206,,,,2208,
Urena, Jose,570632,2018,174.0,130,18.3,7.2,2148,2242,1813,2278,2124,,,,2125,
Boyd, Matthew,571510,2018,170.1,159,22.4,7.2,2282,2322,1760,2276,2281,,,,2281,
Corbin, Patrick,571578,2018,200.0,246,30.8,6.0,2267,2389,1710,2089,2215,,,,2236,
Farmer, Buck,571656,2018,69.1,57,18.5,13.3,2344,2648,1924,,,,,,2344,
Fiers, Mike,571666,2018,172.0,139,19.5,5.2,2308,2390,1894,2771,2239,,,,2294,
Floro, Dylan,571670,2018,64.0,58,21.4,8.5,2240,2141,1986,,2185,,,,2193,
Givens, Mychal,571710,2018,76.2,79,24.9,9.5,2372,2527,2062,,2373,,,,2372,
Heaney, Andrew,571760,2018,180.0,180,24.0,6.0,,,1931,2383,2467,,,,2467,
Koch, Matt,571863,2018,86.2,50,13.9,6.1,2187,,1682,2449,,2160,,,2177,
Matz, Steven,571927,2018,154.0,152,23.2,8.9,2132,2081,2224,2396,2069,,,,2070,
Mikolas, Miles,571945,2018,200.2,146,18.1,3.6,2309,2361,1680,2613,2218,,,,2268,
Mitchell, Bryan,571951,2018,73.0,38,11.3,12.8,2246,,2040,2699,2193,2475,,,2289,
Paxton, James,572020,2018,160.1,208,32.2,6.5,2283,,2022,1949,,2107,,,2250,
Richards, Garrett,572070,2018,76.1,87,26.9,10.5,2602,2897,2794,3252,2544,,,,2580,
Skaggs, Tyler,572140,2018,125.1,129,24.2,7.5,2199,,1754,2675,2190,,,,2197,
Smith, Burch,572143,2018,78.0,77,21.5,11.2,2053,,1802,2302,1796,,,,2049,
Tepera, Ryan,572193,2018,64.2,68,25.9,9.1,2284,2442,1737,,2269,2491,,,2354,
Erlin, Robbie,572362,2018,109.0,88,20.0,2.7,2276,2371,1590,2481,2183,,,,2231,
Greene, Shane,572888,2018,63.1,65,23.3,6.8,2383,2591,,,2215,2585,,,2345,
Keuchel, Dallas,572971,2018,204.2,153,17.5,6.6,2166,2190,1544,,2040,2166,,,2090,
Rogers, Taylor,573124,2018,68.1,75,28.8,6.2,2123,2441,1837,2792,2059,,,,2061,
Straily, Dan,573185,2018,122.1,99,19.1,10.0,2326,2570,1493,2694,2247,,,,2317,
Stroman, Marcus,573186,2018,102.1,77,17.1,8.0,2377,2659,1753,2464,2312,2509,,,2363,
Velazquez, Hector,584171,2018,85.0,53,14.3,7.0,2096,1873,1371,2149,2054,,,,2070,
Allen, Cody,592102,2018,67.0,80,27.7,11.4,2445,,,2575,,,,,2445,
Bedrosian, Cam,592135,2018,64.0,57,21.0,9.6,2342,2653,,,,,,,2342,
Biddle, Jesse,592145,2018,63.2,67,25.2,11.7,2502,2442,,2631,2473,,,,2498,
Claudio, Alex,592222,2018,68.1,41,13.7,4.3,,2217,2198,,1984,,,,1984,
Covey, Dylan,592229,2018,121.2,91,16.8,9.6,2105,2189,1320,2367,2035,2137,,,2040,
Foltynewicz, Mike,592314,2018,183.0,202,27.2,9.1,2349,2518,1909,2499,2248,,,,2320,
Gausman, Kevin,592332,2018,183.2,148,19.1,6.4,2168,2210,1701,,,,1449,,2168,
Gray, Jon,592351,2018,172.1,183,24.6,7.0,2015,2182,1557,2457,1883,,,,2014,
Hembree, Heath,592390,2018,60.0,76,29.2,10.4,2413,2591,2469,2704,,,,,2413,
Kingham, Nick,592468,2018,76.0,69,20.2,7.6,2287,2356,2030,2266,2114,2249,,,2239,
Plutko, Adam,592644,2018,76.2,60,18.4,7.1,2259,2488,1869,2848,,,,,2259,
Ray, Robbie,592662,2018,123.2,165,31.4,13.3,2272,2084,,2025,2241,,,,2272,
Sanchez, Aaron,592717,2018,105.0,86,18.1,12.2,2321,,1930,2916,2248,,,,2284,
Smith, Caleb,592761,2018,77.1,88,27.0,10.1,2365,2340,1823,2236,2272,,,,2364,
Stanek, Ryne,592773,2018,66.1,81,30.8,10.3,2371,2306,,,,,1045,,2371,
Syndergaard, Noah,592789,2018,154.1,155,24.1,6.1,2170,2094,1638,2252,2152,,,,2159,
Taillon, Jameson,592791,2018,191.0,179,22.8,5.9,2350,2393,1709,2649,2223,,,,2302,
Velasquez, Vince,592826,2018,146.2,161,25.6,9.4,2335,2335,1642,2406,2001,,,,2281,
Williams, Trevor,592866,2018,170.2,126,18.0,7.8,2171,2203,1681,1979,1874,,,,2094,
Rodriguez, Richard,593144,2018,69.1,88,31.5,6.8,2375,2150,1711,,,,,,2375,
German, Domingo,593334,2018,85.2,102,27.2,8.8,2498,,2392,2507,2481,,,,2492,
Martinez, Carlos,593372,2018,118.2,117,22.5,11.5,2206,2156,1899,2037,2041,2311,,,2163,
Montas, Frankie,593423,2018,65.0,43,15.2,7.4,2425,2490,1843,,2328,,,,2351,
Rodriguez, Eduardo,593958,2018,129.2,146,26.4,8.1,2195,2204,2074,,2199,2249,,,2211,
Guerrero, Tayron,594027,2018,58.0,68,25.4,11.2,2148,2010,1445,,2107,,,,2146,
deGrom, Jacob,594798,2018,217.0,269,32.2,5.5,2362,2497,1701,2563,2256,,,,2343,
Gonzales, Marco,594835,2018,166.2,145,21.1,4.7,2251,,2206,2450,2267,2343,,,2296,
Treinen, Blake,595014,2018,80.1,100,31.7,6.7,2532,2735,1853,,2371,2573,,,2434,
Winkler, Dan,595465,2018,60.1,69,27.1,7.8,2522,,2108,2595,2430,2562,,,2543,
Junis, Jakob,596001,2018,177.0,164,21.6,5.7,2024,2474,1488,2364,1978,,,,2007,
Mengden, Daniel,596043,2018,115.2,72,15.1,5.5,2144,2250,1901,2458,2051,2133,,,2122,
Weaver, Luke,596133,2018,136.1,121,19.9,8.9,2324,,1700,2218,1934,2286,,,2321,
Gomber, Austin,596295,2018,75.0,67,20.1,9.6,2087,2310,1785,2498,,,,,2087,
Barnes, Matt,598264,2018,61.2,96,36.2,11.7,2373,,,2319,,,1442,,2373,
Johnson, Brian,598271,2018,99.1,87,20.0,8.8,2181,2438,1552,2517,2224,,,,2182,
Ramirez, Noe,598287,2018,83.1,95,26.9,8.5,2153,,1934,2766,,,,,2153,
Pivetta, Nick,601713,2018,164.0,188,27.1,7.3,2268,2477,1856,2840,2194,,,,2257,
Bradley, Archie,605151,2018,71.2,75,25.3,6.8,2306,2137,,1978,2186,,,,2288,
Bundy, Dylan,605164,2018,171.2,184,24.5,7.2,2417,2482,1740,2220,2273,,,,2396,
Clevinger, Mike,605182,2018,200.0,207,25.6,8.3,2298,2386,1500,2195,,,,,2298,
Crick, Kyle,605195,2018,60.1,65,25.5,9.0,2289,3196,1843,,2160,,,,2261,
Davies, Zach,605200,2018,66.0,49,17.5,7.5,,2529,1775,2673,2207,2323,,,2229,
Fulmer, Michael,605242,2018,132.1,110,19.7,8.2,2265,2521,1714,,2112,,,,2178,
Hess, David,605276,2018,103.1,74,16.3,8.1,2171,2290,1603,2325,2095,,,,2171,
Musgrove, Joe,605397,2018,115.1,100,20.6,4.7,2350,2415,1974,2474,2216,2459,,,2339,
Nola, Aaron,605400,2018,212.1,224,27.0,7.0,2116,,1478,2545,2057,,,,2101,
Rodriguez, Dereck,605446,2018,118.1,89,18.3,7.4,2029,,1931,2574,1989,2126,,,2037,
Snell, Blake,605483,2018,180.2,221,31.6,9.1,2364,2399,1777,2517,,,,,2364,
Suarez, Andrew,605498,2018,160.1,130,19.5,6.8,2023,2164,1711,2433,1986,,,,2014,
Wright Jr., Mike,605541,2018,84.1,74,19.1,9.3,2212,2201,1748,2304,2028,,,,2154,
Ramirez, Yefry,606162,2018,65.1,62,21.1,12.2,2417,2440,2000,2398,2337,,,,2409,
Garcia, Jarlin,606424,2018,66.0,40,14.4,10.1,2068,2195,2195,,,,,,2068,
Moronta, Reyes,606625,2018,65.0,79,30.2,14.1,2473,2548,2170,,2309,,,,2472,
Rodon, Carlos,607074,2018,120.2,90,17.6,10.8,2261,2495,1767,,2149,,,,2238,
Faria, Jake,607188,2018,65.0,50,17.8,11.7,2095,1919,,2093,,,1088,,2095,
Glasnow, Tyler,607192,2018,111.2,136,29.1,11.3,2365,2917,1768,2802,,,,,2365,
Skoglund, Eric,607215,2018,70.0,49,16.7,6.5,2232,,1422,2340,2096,,,,2168,
Romano, Sal,607219,2018,145.2,105,16.3,8.2,2052,2336,1666,2396,2043,,,,2043,
Gsellman, Robert,607229,2018,80.0,70,20.3,8.1,2142,2310,1740,2699,2148,,,,2148,
Gant, John,607231,2018,114.0,95,19.5,11.7,2442,2511,1546,2575,2423,,,,2429,
Garrett, Amir,607237,2018,63.0,71,26.9,9.5,2077,1748,1780,,2042,,,,2075,
Biagini, Joe,607352,2018,72.0,53,16.2,7.3,2185,,1569,2902,2146,2204,,,2160,
Tropeano, Nick,607374,2018,76.0,64,20.3,9.8,2274,2182,1981,,2212,,1093,,2248,
Freeland, Kyle,607536,2018,202.1,173,20.5,8.3,2266,2194,1393,2217,2212,,,,2253,
Lugo, Seth,607625,2018,101.1,103,25.1,6.8,2217,2411,1822,3174,2258,,,,2237,
Giolito, Lucas,608337,2018,173.1,125,16.1,11.6,2099,2015,1651,2359,2003,,,,2066,
Wacha, Michael,608379,2018,84.1,71,20.0,10.1,2071,,1589,2235,,2129,,,2090,
Marquez, German,608566,2018,196.0,230,28.2,7.0,2207,2349,1730,2689,2154,,,,2198,
Steckenrider, Drew,608716,2018,64.2,74,27.2,9.9,2356,2072,1661,1881,2231,,,,2355,
Stratton, Chris,608717,2018,145.0,112,17.9,8.6,2447,2798,1933,3109,2376,2451,,,2438,
Suter, Brent,608718,2018,101.1,84,19.8,4.5,2153,2236,1775,2192,2150,,,,2153,
Castro, Miguel,612434,2018,86.1,57,15.2,13.3,2282,2877,2118,,2261,,,,2261,
Chen, Wei-Yin,612672,2018,133.1,111,19.4,8.2,2102,2195,1461,2213,1968,,,,2095,
Eflin, Zach,621107,2018,128.0,123,22.4,6.8,2196,2269,1730,2393,2056,,,,2168,
Buehler, Walker,621111,2018,137.1,151,27.9,6.8,2415,2761,1690,2757,2300,2695,,,2415,
McCullers Jr., Lance,621121,2018,128.1,142,26.9,9.5,2357,,1886,2790,2259,,,,2261,
Alvarado, Jose,621237,2018,64.0,80,30.4,11.0,1996,,,2473,2078,2241,,,2097,
Diaz, Edwin,621242,2018,73.1,124,44.3,6.1,2341,2377,2094,,2252,,,,2340,
Berrios, Jose,621244,2018,192.1,202,25.3,7.7,2213,,1633,2360,2145,,,,2183,
Oswalt, Corey,621261,2018,64.2,45,16.0,7.1,2099,1957,1520,1869,1971,,,,2056,
Minter, A.J.,621345,2018,61.1,69,26.5,8.5,2359,,1767,,,2583,,,2470,
Borucki, Ryan,621366,2018,97.2,67,16.1,8.0,,2149,2051,2236,2220,,,,2220,
Blach, Ty,621389,2018,118.2,75,14.6,8.0,,2388,1988,2456,2124,,,,2124,
Wood, Alex,622072,2018,151.2,135,21.2,6.3,1851,,1668,2049,1921,,,,1921,
Castillo, Luis,622491,2018,169.2,165,23.3,6.9,2200,2206,1931,,2102,,,,2165,
Senzatela, Antonio,622608,2018,90.1,69,17.7,7.7,2087,2137,2122,2263,,,,,2087,
Severino, Luis,622663,2018,191.1,220,28.2,5.9,2365,2872,1648,,,,,,2365,
Hernandez, Elieser,622694,2018,65.2,45,15.8,9.5,2203,2045,1642,,,,,,2203,
Sewald, Paul,623149,2018,56.1,58,22.9,9.1,2297,2182,1484,,2104,,,,2284,
Hader, Josh,623352,2018,81.1,143,46.7,9.8,2043,2493,1582,,1729,,,,2036,
Lopez, Reynaldo,625643,2018,188.2,151,18.9,9.4,2102,2119,1541,2065,2021,,,,2102,
Maeda, Kenta,628317,2018,125.1,153,28.8,8.1,2295,2500,,2592,2178,2188,1520,,2289,
Iglesias, Raisel,628452,2018,72.0,80,27.5,8.6,2324,2491,1841,,2353,,,,2342,
Chirinos, Yonny,630023,2018,89.2,75,20.3,6.8,2305,2271,,,2241,,1245,,2247,
Manaea, Sean,640455,2018,160.2,108,16.5,4.9,,1891,1179,,1983,,,,1983,
Carle, Shane,641438,2018,63.0,43,16.6,10.4,2200,2218,1552,2466,2294,,,,2200,
Fillmyer, Heath,641571,2018,82.1,57,16.6,9.3,2220,2389,1654,2543,2189,,,,2218,
Jimenez, Joe,641729,2018,62.2,78,29.2,8.2,2552,2415,1832,,,,,,2552,
Keller, Brad,641745,2018,140.1,96,16.5,8.6,2297,2470,1943,,2091,,,,2222,
Kuhl, Chad,641771,2018,85.0,81,21.7,8.8,2187,2531,1672,2901,2178,,,,2181,
Lauer, Eric,641778,2018,112.0,100,19.8,9.1,2190,2258,1710,2233,,2259,,,2208,
Mahle, Tyler,641816,2018,112.0,110,21.7,10.5,2138,2511,1584,2363,,,,,2138,
McCarthy, Kevin,641838,2018,72.0,46,15.7,6.8,2025,2191,1781,2029,2055,,,,2054,
Pagan, Emilio,641941,2018,62.0,63,24.0,7.3,2489,,1698,,2412,2431,,,2471,
Trivino, Lou,642152,2018,74.0,82,27.4,10.4,2148,,1647,2585,2170,2495,,,2299,
Yarbrough, Ryan,642232,2018,147.1,128,20.4,8.0,2050,,2069,2397,2018,2156,,,2082,
Barria, Jaime,642545,2018,129.1,98,18.2,8.8,2176,2276,1507,,2163,,,,2170,
Peralta, Freddy,642547,2018,78.1,96,29.9,12.5,2389,,1704,2322,,,,,2389,
Brault, Steven,643230,2018,91.2,82,19.9,13.8,2130,2257,1769,2294,1940,2246,,,2106,
Cimber, Adam,643256,2018,68.1,58,20.4,6.0,2175,2176,,,2184,,,,2181,
Godley, Zack,643327,2018,178.1,185,23.4,10.2,2360,,1287,2178,2234,2197,,,2219,
Green, Chad,643338,2018,75.2,94,31.5,5.0,2443,2264,,,,,1662,,2443,
Pruitt, Austin,643493,2018,69.2,42,14.4,5.5,2285,2591,1802,2891,2207,,,,2283,
Santana, Edgar,650828,2018,66.1,54,19.9,4.4,2347,2324,1888,,2299,,,,2309,
Flaherty, Jack,656427,2018,151.0,182,29.6,9.6,2200,2234,1677,2410,1989,,,,2140,
Holder, Jonathan,656547,2018,66.0,60,22.1,7.0,2326,2685,1845,2858,,2494,,,2351,
Newcomb, Sean,656794,2018,164.0,160,23.0,11.6,2179,2583,1619,2713,,,,,2179,
Hildenberger, Trevor,657610,2018,73.0,70,21.9,8.2,2063,2288,1549,,1959,,,,1976,
Hicks, Jordan,663855,2018,77.2,70,20.6,13.3,2118,2420,,,2080,,,,2081,
Lucchesi, Joey,664192,2018,130.0,145,26.5,7.8,,,,2055,2235,2251,,,2235,
Bieber, Shane,669456,2018,114.2,118,24.3,4.7,2268,2238,1623,2069,,,,,2268,
Richards, Trevor,670950,2018,126.1,130,23.8,9.9,2087,2038,2243,,,,,,2087,
Hirano, Yoshihisa,673633,2018,66.1,59,22.5,8.8,2214,881,,,,,1172,,2214,
Colon, Bartolo,112526,2017,143.0,89,13.7,5.4,2241,2334,1678,,2087,2300,,,2124,
Arroyo, Bronson,276520,2017,71.0,45,14.0,5.9,2017,2302,1489,2341,1979,2104,,,2024,
Sabathia, CC,282332,2017,148.2,120,19.3,8.0,2105,2237,1843,,2004,2155,,,2090,
Dickey, R.A.,285079,2017,190.0,136,16.7,8.2,1878,,,,,,,1530,1878,
Lackey, John,407793,2017,170.2,149,20.4,7.3,2172,,1647,2283,2131,2165,,,2163,
Wainwright, Adam,425794,2017,123.1,96,17.6,8.2,2200,,1788,2643,2174,2377,,,2249,
Greinke, Zack,425844,2017,202.1,215,26.8,5.6,2392,2595,1821,2593,2340,,,,2382,
Jackson, Edwin,429719,2017,76.0,60,17.7,8.6,2265,2274,2127,2431,2186,,,,2235,
Santana, Ervin,429722,2017,211.1,167,19.3,7.1,2232,2372,1516,,2136,,,,2196,
McGowan, Dustin,430661,2017,77.2,64,19.4,8.2,2221,2304,1823,,2153,,,,2189,
Cain, Matt,430912,2017,124.1,75,13.2,8.6,2402,2433,1590,2657,2369,,,,2390,
Hamels, Cole,430935,2017,148.0,105,17.1,8.6,2033,,1605,2139,2059,1965,,,2023,
Casilla, Santiago,433586,2017,59.0,57,22.0,8.5,2310,2407,2118,2433,2329,,,,2322,
Hernandez, Felix,433587,2017,86.2,78,21.2,7.1,2139,2300,1812,2402,2056,,,,2097,
Petit, Yusmeiro,433589,2017,91.1,101,28.5,5.1,2212,,1853,2144,2180,2179,,,2204,
Verlander, Justin,434378,2017,206.0,219,25.8,8.5,2541,2528,1813,2803,2551,2483,,,2540,
Liriano, Francisco,434538,2017,97.0,85,19.4,12.1,2052,2266,1763,2251,2039,,,,2043,
Jimenez, Ubaldo,434622,2017,142.2,139,21.5,9.0,2224,2395,,2638,2139,2309,1332,,2170,
Hammel, Jason,434628,2017,180.1,145,18.0,6.0,2198,2492,1764,2267,2165,,,,2178,
Sanchez, Anibal,434671,2017,105.1,104,21.6,6.0,2220,2306,1377,2157,2144,2308,1626,,2200,
Smith, Chris,434672,2017,55.2,31,12.4,8.8,2044,,1631,1940,2025,,,,2044,
McCarthy, Brandon,435221,2017,92.2,72,18.8,7.0,2250,2390,2216,2631,2201,2281,,,2246,
Feldman, Scott,444857,2017,111.1,93,19.7,7.4,2160,,1953,2505,2117,2251,,,2187,
Nolasco, Ricky,445060,2017,181.0,143,18.2,7.4,2124,2319,,2544,2009,,1379,,2055,
Kintzler, Brandon,445213,2017,71.1,39,13.5,5.6,1993,2241,2161,,1983,,,,1985,
Jansen, Kenley,445276,2017,68.1,109,42.2,2.7,2292,2395,,,2389,2611,,,2595,
Chavez, Jesse,445926,2017,138.0,119,20.3,7.7,2324,2392,1849,2592,2174,2356,,,2291,
Kluber, Corey,446372,2017,203.2,265,34.1,4.6,2372,,1707,2589,2225,2580,,,2380,
Cecil, Brett,446399,2017,67.1,66,23.8,5.8,2040,,1408,2219,1925,2129,,,2046,
Hill, Rich,448179,2017,135.2,166,30.1,8.9,2470,2794,1585,2798,2383,2383,,,2463,
Shields, James,448306,2017,117.0,103,20.0,10.3,2295,,1675,2507,2242,2393,,,2323,
Torres, Carlos,448614,2017,72.2,56,17.4,10.2,2334,2558,,2547,2011,2363,,,2335,
Garcia, Jaime,448802,2017,157.0,129,19.2,9.5,2390,2789,2001,2799,2236,2426,,,2321,
Guerra, Junior,448855,2017,70.1,67,21.3,13.7,2133,2319,,,2068,,1388,,2114,
Volquez, Edinson,450172,2017,92.1,81,20.4,13.4,2292,,1253,2789,2263,,,,2270,
Morton, Charlie,450203,2017,146.2,163,26.4,8.1,2237,,,2875,2113,2409,2046,,2184,
Vargas, Jason,450306,2017,179.2,134,17.7,7.7,2229,,2278,2491,2195,,,,2197,
Fister, Doug,450729,2017,90.1,83,21.2,9.7,2064,,1773,2114,2007,2155,,,2039,
Gallardo, Yovani,451596,2017,130.2,94,16.3,10.4,2141,2322,1931,2423,2103,,,,2127,
Lester, Jon,452657,2017,180.2,180,23.6,7.9,2206,,1743,2512,2015,2333,,,2223,
Kennedy, Ian,453178,2017,154.0,131,20.0,9.3,2346,1959,1973,2547,2360,,,,2351,
Watson, Tony,453265,2017,66.2,53,18.2,6.9,,2319,2292,,2255,,,,2255,
LeBlanc, Wade,453281,2017,68.0,54,19.1,6.0,1876,2020,1416,2132,1860,2016,,,1933,
Parker, Blake,453284,2017,67.1,86,33.9,6.3,2214,,,2237,2108,,1034,,2213,
Scherzer, Max,453286,2017,200.2,268,34.4,7.1,2503,2401,1519,2507,2486,2451,,,2495,
Richard, Clayton,453385,2017,197.1,151,17.6,6.9,2117,2211,1848,,2064,,,,2090,
Arrieta, Jake,453562,2017,168.1,163,23.1,7.8,2312,2439,1800,2705,2259,,,,2260,
Price, David,456034,2017,74.2,76,24.0,7.6,2236,,1740,2332,2165,2112,,,2160,
Gonzalez, Miguel,456068,2017,156.0,100,14.6,8.0,2358,2454,1822,2753,2236,,1338,,2301,
Griffin, A.J.,456167,2017,77.1,61,18.0,8.3,2252,,1779,2587,2212,2230,,,2249,
Cueto, Johnny,456501,2017,147.1,136,21.0,8.2,2192,2208,1471,1625,2156,2201,,,2181,
Bailey, Homer,456701,2017,91.0,67,16.0,10.0,2078,1846,2021,1958,2003,,1211,,2054,
Happ, J.A.,457918,2017,145.1,142,22.7,7.3,2364,2256,1693,2165,2180,,,,2292,
Lynn, Lance,458681,2017,186.1,153,19.7,10.1,2375,,1987,2184,2239,2423,,,2316,
Tomlin, Josh,458708,2017,141.0,109,18.6,2.4,2284,,1852,2739,2265,2572,,,2423,
Pelfrey, Mike,460059,2017,120.0,79,14.5,11.4,1882,1962,,2030,1923,,1225,,1922,
Clippard, Tyler,461325,2017,60.1,72,27.3,11.7,2283,1855,2068,,2326,,1794,,2283,
Gonzalez, Gio,461829,2017,201.0,188,22.7,9.6,2247,,1676,2708,2139,,,,2208,
Swarzak, Anthony,461872,2017,77.1,91,30.0,7.3,2345,2456,,,,,,,2345,
Estrada, Marco,462136,2017,186.0,176,21.8,8.8,2386,,2125,2662,,2515,,,2401,
Johnson, Jim,462382,2017,56.2,61,23.8,9.8,2244,,1610,2189,2196,,,,2201,
Strop, Pedro,467008,2017,60.1,65,26.0,10.4,2396,2407,,,2338,,2295,,2359,
Nova, Ivan,467100,2017,187.0,131,16.7,4.6,2252,,1965,2352,2157,,,,2193,
Chacin, Jhoulys,468504,2017,180.1,153,20.0,9.4,2207,2480,1503,2500,2120,,,,2146,
Carrasco, Carlos,471911,2017,200.0,226,28.3,5.8,2260,2515,1485,2653,2086,,,,2228,
Garcia, Luis,472610,2017,71.1,60,20.3,8.8,2059,2358,,,2046,,1019,,2053,
Dyson, Sam,473879,2017,54.2,34,13.1,11.5,2370,3117,1948,,2288,2613,,,2375,
Anderson, Brett,474463,2017,55.1,38,15.1,8.4,1983,2321,1587,2305,1823,,,,1879,
Worley, Vance,474699,2017,71.2,50,15.0,9.0,2231,,1505,1996,2173,2202,,,2193,
Wood, Travis,475243,2017,94.0,65,14.9,10.3,2097,2139,1742,1725,1970,2122,,,2088,
Hellickson, Jeremy,476451,2017,164.0,96,13.8,6.8,2096,,1830,2924,2086,2331,,,2143,
Betances, Dellin,476454,2017,59.2,100,38.3,16.9,2430,2774,,2806,,,,,2430,
Kershaw, Clayton,477132,2017,175.0,202,29.7,4.4,2340,2470,2171,2364,2333,,,,2340,
Salas, Fernando,477569,2017,58.2,56,21.3,8.4,2220,,1783,2045,2249,,,,2220,
Buchter, Ryan,488748,2017,65.1,65,24.3,9.7,2270,,,2164,,2217,,,2264,
Cashner, Andrew,488768,2017,166.2,86,12.2,9.1,2193,2050,1495,2217,2083,,,,2104,
Duensing, Brian,488846,2017,62.1,61,23.7,7.0,2052,2564,1840,2559,1982,,,,2025,
Miley, Wade,489119,2017,157.1,142,19.5,12.8,2215,2379,1936,2471,2078,2349,,,2185,
Stammen, Craig,489334,2017,80.1,74,22.5,8.5,2130,2246,1727,2293,2099,,,,2105,
Garza, Matt,490063,2017,114.2,79,15.7,8.9,2003,2031,1413,2254,1969,,,,1993,
Oh, Seunghwan,493200,2017,59.1,54,20.5,5.7,2264,2182,1681,2536,2353,2228,,,2254,
Ramirez, JC,500724,2017,147.1,105,16.9,7.9,2063,2270,1817,2397,2048,,,,2049,
Quintana, Jose,500779,2017,188.2,207,26.2,7.7,2042,,1329,2187,2010,,,,2029,
Pineda, Michael,501381,2017,96.1,92,22.4,5.1,2088,2106,1885,,2084,,,,2088,
Marinez, Jhan,501697,2017,58.1,45,17.2,9.9,2110,2183,1958,,1971,,,,2005,
Barnette, Tony,501817,2017,57.1,57,22.6,8.7,2502,,,2536,2148,2550,1566,,2501,
Hatcher, Chris,501822,2017,59.2,63,24.5,8.2,2404,2371,,2362,2232,2406,1639,,2404,
Tillman, Chris,501957,2017,93.0,63,14.2,11.5,2242,2322,1678,2043,2192,2266,,,2224,
Minor, Mike,501985,2017,77.2,88,28.7,7.2,2605,2664,2248,2531,2498,,,,2597,
Kontos, George,502004,2017,66.1,70,25.2,7.2,2235,2621,2167,2722,2085,2424,,,2340,
Jeffress, Jeremy,502026,2017,65.1,51,17.3,11.5,2190,,,2367,2030,,1363,,2073,
Wood, Blake,502028,2017,74.1,84,25.3,9.9,2242,2380,2501,,2192,,1274,,2212,
Norris, Bud,502032,2017,62.0,74,27.7,10.1,2422,2670,1945,,2380,2527,,,2457,
Archer, Chris,502042,2017,201.0,249,29.2,7.0,2249,2546,1766,,,,,,2249,
Gibson, Kyle,502043,2017,158.0,121,17.5,8.7,2155,2437,1645,2420,2025,,,,2076,
Robertson, David,502085,2017,68.1,98,37.1,8.7,2410,2601,1960,2708,,2550,,,2543,
Cobb, Alex,502171,2017,179.1,128,17.3,5.9,2045,,,2536,2103,,1599,,2101,
Samardzija, Jeff,502188,2017,207.2,205,24.2,3.8,2479,2402,,2379,2454,2536,1690,,2474,
Leake, Mike,502190,2017,186.0,130,16.6,4.7,2166,2473,1770,2589,2015,2201,,,2075,
Bibens-Dirkx, Austin,502212,2017,69.1,38,12.7,6.7,2110,2234,1724,2620,2046,,,,2091,
Cahill, Trevor,502239,2017,84.0,87,22.8,11.8,2255,,1467,2927,2192,2066,,,2171,
Santiago, Hector,502327,2017,70.1,51,16.4,10.0,2149,2181,2028,2098,2168,2137,,,2165,
Gregerson, Luke,502381,2017,61.0,70,26.6,7.6,2434,2667,2032,,2384,,,,2389,
Anderson, Chase,502624,2017,141.1,133,23.4,7.2,2197,,2278,2212,2154,2389,,,2222,
Holland, Derek,502706,2017,135.0,104,16.6,12.0,2240,2102,1978,1994,2167,,,,2192,
Peacock, Brad,502748,2017,132.0,161,29.5,10.4,2330,2656,2002,2624,2285,,,,2308,
Peralta, Wily,503449,2017,57.1,52,19.3,11.9,1891,2109,1573,2024,1827,,,,1867,
Nicasio, Juan,504379,2017,72.1,72,24.7,6.9,2075,1992,1841,,2051,,,,2070,
Darvish, Yu,506433,2017,186.2,209,27.3,7.6,2505,2664,1823,2501,2337,2639,,,2489,
Herrera, Kelvin,516969,2017,59.1,56,21.6,7.7,2283,2490,1811,,2208,,,,2251,
Colome, Alex,517008,2017,66.2,58,20.6,8.2,2121,,2146,,,2116,,,2118,
Delgado, Randall,517414,2017,62.2,60,23.2,5.4,2342,2168,1981,2072,2266,,,,2325,
Salazar, Danny,517593,2017,103.0,145,33.0,10.0,2479,2273,1628,2765,2468,,,,2475,
Alexander, Scott,518397,2017,69.0,59,20.8,9.9,2253,2319,1674,,2222,,,,2226,
Bell, Chad,518445,2017,62.1,57,19.5,10.6,2130,2106,1464,,2112,2142,,,2121,
Bumgarner, Madison,518516,2017,111.0,101,22.4,4.4,2166,,1557,2356,2093,2196,,,2178,
Duffy, Danny,518633,2017,146.1,130,21.3,6.7,2191,2313,2410,2343,2153,,,,2173,
Freeman, Sam,518693,2017,60.0,59,23.2,10.6,2151,,,2634,2030,,1330,,2113,
Gearrin, Cory,518715,2017,68.0,64,22.5,12.3,2309,2739,2056,,2276,,,,2279,
Harvey, Matt,518774,2017,92.2,67,15.5,10.9,2183,2251,1804,2307,2159,,,,2171,
Kimbrel, Craig,518886,2017,69.0,126,49.6,5.5,2428,,,2591,2449,,,,2428,
Moore, Matt,519043,2017,174.1,148,18.7,8.5,2257,,1727,2394,,2170,,,2238,
Nelson, Jimmy,519076,2017,175.1,199,27.3,6.6,2300,2534,1561,2559,2133,,,,2213,
Pomeranz, Drew,519141,2017,173.2,174,23.5,9.3,2359,,1697,2204,2263,2340,,,2353,
Porcello, Rick,519144,2017,203.1,181,20.5,5.4,2441,2497,1621,2858,2321,,,,2389,
Pressly, Ryan,519151,2017,61.1,61,24.2,7.5,2509,2641,,3104,2373,,,,2483,
Sale, Chris,519242,2017,214.1,308,36.2,5.1,2336,2395,2016,,2205,,,,2305,
Smoker, Josh,519294,2017,56.1,68,25.5,12.0,2192,2299,,,2126,,1636,,2191,
Strickland, Hunter,519326,2017,61.1,58,21.6,10.8,2440,2728,1875,,2359,,,,2427,
Zimmermann, Jordan,519455,2017,160.0,103,14.4,6.2,2351,2361,2242,2430,2278,,,,2338,
Baez, Pedro,520980,2017,64.0,64,22.9,10.4,2278,1759,1748,,2226,,,,2265,
Hendriks, Liam,521230,2017,64.0,78,28.6,8.4,2245,2049,1858,1909,2144,,,,2231,
Perez, Martin,527048,2017,185.0,115,14.2,7.8,2085,2320,1780,2569,2023,,,,2048,
Teheran, Julio,527054,2017,188.1,151,18.6,8.9,2274,2453,1595,2602,2158,,,,2229,
Shoemaker, Matt,533167,2017,77.2,69,21.2,8.6,2251,2085,,1926,2123,,1263,,2190,
Hahn, Jesse,534910,2017,69.2,55,17.4,8.5,2220,2596,1808,3011,2222,,,,2222,
Adleman, Tim,534947,2017,122.1,108,20.3,9.6,2247,,1587,1968,2161,,,,2235,
Ramirez, Erasmo,541640,2017,131.1,109,20.2,5.8,2299,2460,1766,2462,2260,2419,,,2322,
Ramirez, Jose,542432,2017,62.0,56,21.7,11.2,2339,2368,2322,,2301,,,,2339,
Anderson, Tyler,542881,2017,86.0,81,22.4,7.2,2240,,1818,2316,2191,2415,,,2295,
Andriese, Matt,542882,2017,86.0,76,20.3,7.5,2382,2473,2100,2695,,,,,2382,
Bleier, Richard,542947,2017,63.1,26,9.8,4.9,1889,1909,1574,,1870,1877,,,1873,
Brach, Brad,542960,2017,68.0,70,25.5,9.5,2361,2587,1996,,2151,2434,2101,,2352,
Chatwood, Tyler,543022,2017,147.2,120,19.0,12.2,2480,,1708,2989,2398,2625,,,2487,
Cole, Gerrit,543037,2017,203.0,196,23.1,6.5,2164,2417,1631,2667,2096,,,,2149,
Conley, Adam,543045,2017,102.2,72,15.6,9.1,2298,2068,2073,,,,,,2298,
Drake, Oliver,543118,2017,56.0,62,24.7,10.0,2088,,,,,,1128,,2088,
Gaviglio, Sam,543208,2017,74.1,49,15.7,8.3,2066,2144,1590,2127,2087,,,,2087,
Gray, Sonny,543243,2017,162.1,153,22.6,8.4,2484,2846,1827,2891,2092,2712,,,2279,
Hand, Brad,543272,2017,79.1,104,33.4,6.4,2529,2629,2438,2976,2353,,,,2444,
Hendricks, Kyle,543294,2017,139.2,123,21.6,7.0,2018,,2087,2765,1933,2050,,,1966,
Hudson, Daniel,543339,2017,61.2,66,24.4,12.2,2410,2563,2409,,2376,,,,2399,
Jennings, Dan,543359,2017,62.2,51,19.1,11.6,2289,2484,,,2282,,,,2283,
Koehler, Tom,543408,2017,72.2,62,18.6,10.5,2117,2221,1649,2509,2061,,,,2107,
Lyles, Jordan,543475,2017,69.2,55,17.0,6.8,2234,2332,1730,2452,2146,,,,2195,
Maurer, Brandon,543506,2017,59.1,59,22.1,7.1,2376,2590,1897,,2189,,,,2371,
McHugh, Collin,543521,2017,63.1,62,22.9,7.4,2242,2725,2040,2698,2250,2540,,,2308,
Meyer, Alex,543542,2017,67.1,75,25.7,14.4,2359,2479,2018,2478,2328,,,,2342,
Montgomery, Mike,543557,2017,130.2,100,18.5,10.2,1839,,1763,2335,,1959,,,1859,
Odorizzi, Jake,543606,2017,143.1,127,21.0,10.1,2285,2191,,2242,,2218,1414,,2272,
Roark, Tanner,543699,2017,181.1,166,21.4,8.2,2088,2321,1757,2720,2041,,,,2058,
Rusin, Chris,543734,2017,85.0,71,20.9,5.6,2314,2686,1733,2798,2288,2427,,,2342,
Shaw, Bryan,543766,2017,76.2,73,23.4,7.1,2428,2706,,,,2431,,,2431,
Vincent, Nick,543883,2017,64.2,50,19.1,5.0,2397,2331,1822,3027,2299,2495,,,2443,
Wilson, Alex,543935,2017,60.0,42,16.2,5.8,2266,2516,1990,2486,2154,,,,2211,
Strasburg, Stephen,544931,2017,175.1,204,29.1,6.7,2171,2388,1745,2791,2125,,,,2164,
Bauer, Trevor,545333,2017,176.1,196,26.2,8.0,2277,2506,1646,2547,2263,2565,,,2325,
Lorenzen, Michael,547179,2017,83.0,80,22.2,9.4,2199,2479,1735,2577,2189,2474,,,2271,
Tanaka, Masahiro,547888,2017,178.1,194,25.8,5.5,2227,2362,,2445,2064,2273,1496,,2153,
Ryu, Hyun Jin,547943,2017,126.2,116,21.4,8.3,2067,2188,1539,2421,2073,2029,,,2055,
Stripling, Ross,548389,2017,74.1,74,24.3,6.3,2236,2346,1702,2668,,,,,2236,
Vazquez, Felipe,553878,2017,75.1,88,29.3,6.7,2465,2733,1960,2765,2486,,,,2465,
Wheeler, Zack,554430,2017,86.1,81,21.0,10.4,2326,2438,1805,2582,2252,,,,2301,
Urena, Jose,570632,2017,169.2,113,15.6,8.8,2175,2305,1807,,2149,1728,,,2164,
Beck, Chris,571476,2017,64.2,42,14.3,11.6,2061,2370,1608,,1871,,,,2035,
Boyd, Matthew,571510,2017,135.0,110,18.2,8.8,2241,2319,1850,2199,2277,,,,2259,
Corbin, Patrick,571578,2017,189.2,178,21.5,7.4,2293,2359,1797,,2244,,,,2269,
Fiers, Mike,571666,2017,153.1,146,21.8,9.2,2258,2317,1769,2770,2162,2356,,,2230,
Givens, Mychal,571710,2017,78.2,88,27.9,7.9,2366,2440,2046,,2378,2274,,,2364,
Holmberg, David,571787,2017,57.2,33,12.1,12.5,1972,2088,1708,2321,1852,,,,1961,
Loup, Aaron,571901,2017,57.2,64,24.2,10.9,2152,,1976,2619,2154,2466,,,2196,
Matz, Steven,571927,2017,66.2,48,16.1,6.4,2146,2127,2223,2393,2069,,,,2070,
Paxton, James,572020,2017,136.0,156,28.3,6.7,2263,,1830,2022,,2102,,,2241,
Skaggs, Tyler,572140,2017,85.0,76,20.8,7.7,2215,,1769,2765,2208,,,,2212,
Tepera, Ryan,572193,2017,77.2,81,25.4,9.7,2279,2296,,,2279,2474,,,2358,
Greene, Shane,572888,2017,67.2,73,25.8,12.0,2372,2655,,2531,2293,2656,,,2373,
Keuchel, Dallas,572971,2017,145.2,125,21.4,8.0,2152,2189,1538,,2034,2130,,,2057,
Ramos, AJ,573109,2017,58.2,72,27.9,13.2,2288,2611,1488,2606,2201,2396,,,2275,
Straily, Dan,573185,2017,181.2,170,22.1,7.8,2227,2397,1408,2513,2251,,,,2230,
Stroman, Marcus,573186,2017,201.0,164,19.7,7.4,2302,2733,1680,2749,2245,2630,,,2274,
Ramos, Edubray,591693,2017,57.2,75,29.3,10.9,2555,2632,1839,2481,,,,,2555,
Allen, Cody,592102,2017,67.1,92,32.6,7.4,2506,,,2617,,,,,2506,
Barnes, Danny,592130,2017,66.0,62,23.4,9.1,2278,2372,1424,,2287,,,,2278,
Bridwell, Parker,592170,2017,121.0,73,14.8,6.1,2440,,1559,2813,2325,2528,,,2433,
Claudio, Alex,592222,2017,82.2,56,17.3,4.6,2066,2221,2215,,2006,,,,2006,
Covey, Dylan,592229,2017,70.0,41,13.3,11.0,2120,2168,1281,2373,2076,2129,,,2099,
Foltynewicz, Mike,592314,2017,154.0,143,20.7,8.5,2294,2427,1882,2439,2198,,,,2260,
Gausman, Kevin,592332,2017,186.2,179,21.9,8.7,2249,2291,1797,,2087,,1592,,2249,
Gray, Jon,592351,2017,110.1,112,24.3,6.5,2064,2207,1798,2527,2017,,,,2064,
Hembree, Heath,592390,2017,62.0,70,25.8,6.6,2365,2511,,2604,2412,,,,2366,
Kahnle, Tommy,592454,2017,62.2,96,37.5,6.6,2286,2495,1422,,2272,2311,,,2285,
Ray, Robbie,592662,2017,162.0,218,32.8,10.7,2276,2094,,2037,2256,,,,2276,
Reed, Addison,592665,2017,76.0,76,24.8,4.9,2160,2087,1711,,,,,,2160,
Taillon, Jameson,592791,2017,133.2,125,21.3,7.8,2286,,1647,2649,2157,,,,2216,
Triggs, Andrew,592811,2017,65.1,50,17.7,6.7,2398,2520,1903,2585,2389,,,,2389,
Velasquez, Vince,592826,2017,72.0,68,21.6,10.8,2356,2299,1646,2407,2121,,,,2350,
Walker, Taijuan,592836,2017,157.1,146,21.3,8.9,2105,,,2296,2035,2291,1556,,2139,
Williams, Trevor,592866,2017,150.1,117,18.2,8.1,2092,2183,1778,2174,1864,,,,2021,
Wojciechowski, Asher,592879,2017,62.1,64,22.9,6.8,2065,2213,1736,,,,,,2065,
Martinez, Carlos,593372,2017,205.0,217,25.3,8.3,2091,2189,1988,2078,2007,,,,2049,
Neris, Hector,593576,2017,74.2,86,26.9,8.1,2460,2081,,,2368,,1568,,2439,
Rodriguez, Eduardo,593958,2017,137.1,150,25.8,8.6,2186,2179,1970,,2181,2201,,,2188,
Peralta, Wandy,593974,2017,64.2,57,21.7,9.1,2120,2136,2087,,2097,,,,2118,
Asher, Alec,594742,2017,60.0,47,17.7,8.7,2476,2580,1850,2597,2369,2508,,,2423,
deGrom, Jacob,594798,2017,201.1,239,28.9,7.1,2362,2453,1793,2549,2294,,,,2343,
Lively, Ben,594902,2017,88.2,52,14.0,6.5,1923,1966,1835,2042,1896,,,,1915,
Treinen, Blake,595014,2017,75.2,74,22.8,7.7,2403,2516,1497,,2294,,,,2319,
Eickhoff, Jerad,595191,2017,128.0,118,20.5,9.2,2225,2270,1800,2517,2184,,,,2215,
Junis, Jakob,596001,2017,98.1,80,19.0,5.9,2015,2282,1245,2191,1960,,,,1981,
Norris, Daniel,596057,2017,101.2,86,18.7,9.6,2411,2456,1551,2475,2379,,,,2410,
Stephenson, Robert,596112,2017,84.2,86,22.5,13.8,2359,2512,,2525,,,1507,,2359,
Weaver, Luke,596133,2017,60.1,72,28.6,6.7,2230,,1548,2129,2195,2273,,,2231,
Lawrence, Casey,596271,2017,55.1,52,19.7,9.5,2154,2366,1723,2317,2093,,,,2123,
Barnes, Matt,598264,2017,69.2,83,28.9,9.8,2252,2017,,2127,,,,,2252,
Saupold, Warwick,599683,2017,62.2,44,15.7,11.1,2171,2230,2091,2581,2177,,,,2171,
Torres, Jose,600526,2017,68.1,63,22.2,5.6,2093,2258,1632,,2079,,,,2087,
Pivetta, Nick,601713,2017,133.0,140,24.0,9.8,2267,2489,1771,2829,2246,,,,2263,
Bradley, Archie,605151,2017,73.0,79,27.2,7.2,2378,2203,1634,1998,2491,,,,2378,
Bundy, Dylan,605164,2017,169.2,152,21.8,7.3,2485,2488,1754,2241,2395,,,,2469,
Clevinger, Mike,605182,2017,121.2,137,27.3,12.0,2217,2317,1489,2192,2265,,,,2218,
Cotton, Jharel,605194,2017,129.0,105,18.6,9.4,2215,2199,2322,2413,2155,,,,2198,
Davies, Zach,605200,2017,191.1,124,15.2,6.7,,,1795,2603,2103,2278,,,2135,
Edwards Jr., Carl,605218,2017,66.1,94,35.9,14.5,2677,,,2500,1708,,,,2676,
Fulmer, Michael,605242,2017,164.2,114,16.9,5.9,2104,2372,1748,2548,2034,,,,2065,
Gossett, Daniel,605254,2017,91.1,72,17.4,7.5,2342,2430,1648,2399,2355,,,,2347,
Musgrove, Joe,605397,2017,109.1,98,21.2,6.1,2350,2493,2003,2539,2207,2481,,,2340,
Nola, Aaron,605400,2017,168.0,184,26.6,7.1,2098,,1435,2544,2036,,,,2074,
Ross, Joe,605452,2017,73.2,68,21.1,6.2,1979,1833,1727,,1971,,,,1971,
Snell, Blake,605483,2017,129.1,119,21.8,10.8,2438,2358,1754,2482,,,,,2438,
Perdomo, Luis,606131,2017,163.2,118,16.5,9.1,1969,2338,,,1952,,1488,,1955,
Montero, Rafael,606160,2017,119.0,114,20.7,12.2,2305,2357,2064,,2221,,,,2276,
Mejia, Adalberto,606167,2017,98.0,85,19.2,9.9,2466,2439,2035,2327,2381,,,,2447,
Barnes, Jacob,606930,2017,72.0,80,26.3,10.9,2376,2017,,,,2366,,,2371,
Devenski, Chris,606965,2017,80.2,100,31.6,8.2,2369,2358,1495,,,,,,2369,
Rodon, Carlos,607074,2017,69.1,76,25.6,10.4,2168,2450,1708,,2120,,,,2157,
Faria, Jake,607188,2017,86.2,84,23.5,8.7,2150,1931,,2112,,,1241,,2150,
Glasnow, Tyler,607192,2017,62.0,56,18.4,14.4,2236,,1623,2571,2148,,,,2193,
Romano, Sal,607219,2017,87.0,73,19.0,9.6,2087,2402,1617,2456,2066,,,,2081,
Gsellman, Robert,607229,2017,119.2,82,14.9,7.7,2087,2206,1627,2606,2115,,,,2107,
Garrett, Amir,607237,2017,70.2,63,19.6,12.5,1955,1578,1574,,1831,,,,1953,
Martinez, Nick,607259,2017,111.1,67,14.0,5.9,2394,,1768,2559,2298,2426,,,2375,
Biagini, Joe,607352,2017,119.2,97,18.8,8.1,2170,,1723,2866,2147,2170,,,2152,
Barraclough, Kyle,607457,2017,66.0,76,26.6,13.3,2464,2434,1502,,,,,,2464,
Freeland, Kyle,607536,2017,156.0,107,15.6,9.2,2252,2168,1596,2253,2225,,,,2236,
Lugo, Seth,607625,2017,101.1,85,19.5,5.7,2249,2319,1875,3064,2247,2167,,,2245,
Knebel, Corey,608349,2017,76.0,126,40.8,12.9,2442,,,2594,,,,,2442,
Sims, Lucas,608371,2017,57.2,44,17.3,9.0,2367,2450,1762,2830,2261,,,,2318,
Wacha, Michael,608379,2017,165.2,158,22.5,7.8,2159,,1702,2234,2128,2152,,,2155,
Marquez, German,608566,2017,162.0,147,21.0,7.0,2174,2040,1682,2671,2160,,,,2171,
Duffey, Tyler,608648,2017,71.0,67,21.6,5.8,2210,,1602,2481,2362,,,,2291,
Graveman, Kendall,608665,2017,105.1,70,15.8,7.2,2414,2677,1808,,2348,2493,,,2374,
Leone, Dominic,608678,2017,70.1,81,29.0,8.2,2247,2464,,,2192,2485,,,2335,
Stratton, Chris,608717,2017,58.2,51,19.9,10.9,2496,2745,1658,3105,2484,2500,,,2495,
Suter, Brent,608718,2017,81.2,64,18.8,6.5,2126,2248,1780,2155,2110,,,,2125,
Castro, Miguel,612434,2017,66.1,38,13.9,10.2,2258,2691,1998,,2259,,,,2259,
Eflin, Zach,621107,2017,64.1,35,12.5,4.3,2211,2193,1899,2352,2109,,,,2155,
McCullers Jr., Lance,621121,2017,118.2,132,25.8,7.8,2286,,1890,2871,2306,,,,2294,
Diaz, Edwin,621242,2017,66.0,89,32.0,11.5,2288,2340,,,,,,,2288,
Berrios, Jose,621244,2017,145.2,139,22.6,7.8,2243,,1588,2407,2169,,,,2206,
Blach, Ty,621389,2017,163.2,73,10.5,6.2,2158,2315,1990,2187,2102,,,,2104,
Wood, Alex,622072,2017,152.1,151,24.6,6.2,,,1738,2082,2031,,,,2031,
Castillo, Luis,622491,2017,89.1,98,27.3,8.9,2249,2226,1861,,2185,,,,2233,
Senzatela, Antonio,622608,2017,134.2,102,18.1,8.3,2150,2169,2068,2230,,,,,2150,
Severino, Luis,622663,2017,193.1,230,29.4,6.5,2301,2689,1671,,,,,,2301,
Sewald, Paul,623149,2017,65.1,69,25.1,7.6,2361,2226,1864,,2391,,,,2361,
Oberg, Scott,623184,2017,58.1,55,20.8,9.1,2245,2581,1931,2695,2188,,,,2235,
Maeda, Kenta,628317,2017,134.1,140,25.1,6.1,2323,2399,1850,2446,2165,2273,,,2288,
Despaigne, Odrisamer,628333,2017,58.1,31,12.2,9.4,2106,,1511,2781,2106,2602,,,2282,
Iglesias, Raisel,628452,2017,76.0,92,30.1,8.8,2366,2542,1777,1419,2405,,,,2382,
Manaea, Sean,640455,2017,158.2,140,20.2,7.9,,1992,1205,,1976,,,,1976,
Kuhl, Chad,641771,2017,157.1,142,20.9,10.6,2160,2505,1745,2875,2133,,,,2146,
Godley, Zack,643327,2017,155.0,165,26.3,8.5,2281,,1459,2173,2279,2263,,,2276,
Green, Chad,643338,2017,69.0,103,40.7,6.7,2482,2164,1629,,2310,2265,,,2456,
Leiter Jr., Mark,643410,2017,90.2,84,21.3,7.8,1970,1977,1153,2171,1924,1496,,,1888,
Pruitt, Austin,643493,2017,83.0,66,17.8,5.9,2295,2642,1863,2941,2301,,,,2296,
Hoffman, Jeff,656546,2017,99.1,82,18.6,9.1,2394,2727,2113,2727,,,,,2394,
Montgomery, Jordan,656756,2017,155.1,144,22.2,7.9,2246,2372,1892,2376,2190,,,,2213,
Newcomb, Sean,656794,2017,100.0,108,23.7,12.5,2198,2704,1641,2784,,,,,2198,
Lamet, Dinelson,659275,2017,114.1,139,28.7,11.1,2402,2543,1769,2459,2377,,,,2388,
Miranda, Ariel,664641,2017,160.0,137,20.2,9.3,2411,1319,,,,,2101,,2411,